filename,vulnerability,ground_truth,smartcheck_flagged,status,duration_s,exit_status
18430.sol,reentrancy,0,1,FP,2.29,OK
18438.sol,reentrancy,0,1,FP,2.16,OK
18771.sol,reentrancy,0,1,FP,1.9,OK
19128.sol,reentrancy,0,1,FP,2.03,OK
19129.sol,reentrancy,0,1,FP,1.79,OK
19925.sol,reentrancy,0,1,FP,2.08,OK
21241.sol,reentrancy,0,1,FP,2.13,OK
21697.sol,reentrancy,0,0,TN,1.86,OK
21886.sol,reentrancy,0,1,FP,1.92,OK
22075.sol,reentrancy,0,0,TN,1.92,OK
22635.sol,reentrancy,0,1,FP,1.83,OK
22636.sol,reentrancy,0,1,FP,1.99,OK
23792.sol,reentrancy,0,0,TN,1.91,OK
23793.sol,reentrancy,0,0,TN,1.89,OK
24196.sol,reentrancy,0,1,FP,1.69,OK
24369.sol,reentrancy,0,0,TN,1.62,OK
24648.sol,reentrancy,0,1,FP,1.69,OK
24649.sol,reentrancy,0,1,FP,1.42,OK
25808.sol,reentrancy,0,1,FP,1.46,OK
26188.sol,reentrancy,0,0,TN,1.49,OK
27121.sol,reentrancy,0,0,TN,1.47,OK
27159.sol,reentrancy,0,0,TN,1.6,OK
27164.sol,reentrancy,0,1,FP,1.67,OK
27263.sol,reentrancy,0,1,FP,1.46,OK
27327.sol,reentrancy,0,1,FP,1.41,OK
27334.sol,reentrancy,0,1,FP,1.58,OK
27603.sol,reentrancy,0,1,FP,1.7,OK
28974.sol,reentrancy,0,1,FP,1.51,OK
29090.sol,reentrancy,0,1,FP,1.73,OK
29130.sol,reentrancy,0,1,FP,1.52,OK
29154.sol,reentrancy,0,0,TN,1.53,OK
29590.sol,reentrancy,0,0,TN,1.59,OK
29948.sol,reentrancy,0,0,TN,1.55,OK
29983.sol,reentrancy,0,0,TN,1.64,OK
3.sol,reentrancy,0,0,TN,1.65,OK
30046.sol,reentrancy,0,1,FP,1.56,OK
30101.sol,reentrancy,0,1,FP,1.56,OK
30102.sol,reentrancy,0,1,FP,1.71,OK
30254.sol,reentrancy,0,0,TN,1.73,OK
30255.sol,reentrancy,0,0,TN,1.69,OK
30337.sol,reentrancy,0,1,FP,1.62,OK
30338.sol,reentrancy,0,1,FP,1.66,OK
30460.sol,reentrancy,0,1,FP,1.66,OK
31237.sol,reentrancy,0,0,TN,1.35,OK
31238.sol,reentrancy,0,0,TN,1.61,OK
31497.sol,reentrancy,0,1,FP,1.64,OK
31565.sol,reentrancy,0,1,FP,1.51,OK
31759.sol,reentrancy,0,0,TN,1.69,OK
32522.sol,reentrancy,0,1,FP,1.49,OK
33450.sol,reentrancy,0,0,TN,1.63,OK
33512.sol,reentrancy,0,1,FP,1.61,OK
34432.sol,reentrancy,0,1,FP,1.62,OK
34526.sol,reentrancy,0,1,FP,1.58,OK
34668.sol,reentrancy,0,1,FP,1.44,OK
34904.sol,reentrancy,0,0,TN,1.7,OK
35208.sol,reentrancy,0,0,TN,1.5,OK
35661.sol,reentrancy,0,1,FP,1.45,OK
35662.sol,reentrancy,0,1,FP,1.59,OK
35713.sol,reentrancy,0,1,FP,1.47,OK
35714.sol,reentrancy,0,1,FP,1.56,OK
35806.sol,reentrancy,0,1,FP,1.7,OK
35807.sol,reentrancy,0,1,FP,1.56,OK
35878.sol,reentrancy,0,0,TN,1.57,OK
35951.sol,reentrancy,0,1,FP,1.6,OK
36456.sol,reentrancy,0,0,TN,1.61,OK
36481.sol,reentrancy,0,1,FP,1.62,OK
36563.sol,reentrancy,0,0,TN,1.5,OK
36668.sol,reentrancy,0,0,TN,1.65,OK
36836.sol,reentrancy,0,1,FP,1.68,OK
37474.sol,reentrancy,0,0,TN,1.55,OK
37499.sol,reentrancy,0,0,TN,1.59,OK
37645.sol,reentrancy,0,1,FP,1.47,OK
37646.sol,reentrancy,0,1,FP,1.62,OK
37676.sol,reentrancy,0,0,TN,1.37,OK
37708.sol,reentrancy,0,1,FP,1.64,OK
37836.sol,reentrancy,0,0,TN,1.47,OK
37891.sol,reentrancy,0,1,FP,1.52,OK
38057.sol,reentrancy,0,1,FP,1.57,OK
38250.sol,reentrancy,0,1,FP,1.43,OK
38420.sol,reentrancy,0,1,FP,1.53,OK
38543.sol,reentrancy,0,0,TN,1.52,OK
38651.sol,reentrancy,0,1,FP,1.59,OK
38828.sol,reentrancy,0,1,FP,1.6,OK
38876.sol,reentrancy,0,1,FP,1.55,OK
38888.sol,reentrancy,0,1,FP,1.53,OK
39032.sol,reentrancy,0,1,FP,1.5,OK
39151.sol,reentrancy,0,1,FP,1.5,OK
39199.sol,reentrancy,0,0,TN,1.52,OK
39248.sol,reentrancy,0,0,TN,1.69,OK
39268.sol,reentrancy,0,1,FP,1.52,OK
39327.sol,reentrancy,0,0,TN,1.59,OK
39341.sol,reentrancy,0,1,FP,1.36,OK
39644.sol,reentrancy,0,1,FP,1.57,OK
39664.sol,reentrancy,0,1,FP,1.5,OK
39684.sol,reentrancy,0,1,FP,1.45,OK
39705.sol,reentrancy,0,1,FP,1.54,OK
39749.sol,reentrancy,0,1,FP,1.52,OK
39750.sol,reentrancy,0,1,FP,1.6,OK
39777.sol,reentrancy,0,1,FP,1.71,OK
39817.sol,reentrancy,0,1,FP,1.63,OK
39867.sol,reentrancy,0,1,FP,1.64,OK
39912.sol,reentrancy,0,0,TN,1.38,OK
39934.sol,reentrancy,0,1,FP,1.61,OK
4.sol,reentrancy,0,0,TN,1.56,OK
40089.sol,reentrancy,0,1,FP,1.53,OK
40090.sol,reentrancy,0,0,TN,1.56,OK
40092.sol,reentrancy,0,1,FP,1.56,OK
40203.sol,reentrancy,0,0,TN,1.48,OK
40242.sol,reentrancy,0,1,FP,1.47,OK
40249.sol,reentrancy,0,1,FP,1.26,OK
40299.sol,reentrancy,0,1,FP,1.45,OK
40336.sol,reentrancy,0,1,FP,1.4,OK
40340.sol,reentrancy,0,1,FP,1.37,OK
40342.sol,reentrancy,0,1,FP,1.34,OK
40353.sol,reentrancy,0,1,FP,1.41,OK
40357.sol,reentrancy,0,1,FP,1.35,OK
40366.sol,reentrancy,0,0,TN,1.32,OK
40413.sol,reentrancy,0,1,FP,1.28,OK
40425.sol,reentrancy,0,1,FP,1.38,OK
40500.sol,reentrancy,0,1,FP,1.33,OK
40720.sol,reentrancy,0,0,TN,1.35,OK
40733.sol,reentrancy,0,1,FP,1.38,OK
40734.sol,reentrancy,0,1,FP,1.42,OK
40737.sol,reentrancy,0,1,FP,1.38,OK
40741.sol,reentrancy,0,1,FP,1.24,OK
40750.sol,reentrancy,0,1,FP,1.22,OK
40751.sol,reentrancy,0,1,FP,1.24,OK
40752.sol,reentrancy,0,1,FP,1.35,OK
40759.sol,reentrancy,0,1,FP,1.52,OK
40760.sol,reentrancy,0,1,FP,1.63,OK
40763.sol,reentrancy,0,1,FP,1.3,OK
40766.sol,reentrancy,0,0,TN,1.32,OK
40768.sol,reentrancy,0,0,TN,1.26,OK
40771.sol,reentrancy,0,1,FP,1.34,OK
40774.sol,reentrancy,0,1,FP,1.3,OK
40778.sol,reentrancy,0,1,FP,1.39,OK
40782.sol,reentrancy,0,1,FP,1.36,OK
40783.sol,reentrancy,0,1,FP,1.37,OK
40786.sol,reentrancy,0,1,FP,1.28,OK
40788.sol,reentrancy,0,1,FP,1.41,OK
50000.sol,reentrancy,0,1,FP,1.38,OK
50001.sol,reentrancy,0,1,FP,1.34,OK
50007.sol,reentrancy,0,1,FP,1.37,OK
50027.sol,reentrancy,0,0,TN,1.64,OK
50028.sol,reentrancy,0,1,FP,1.37,OK
50029.sol,reentrancy,0,0,TN,1.35,OK
50030.sol,reentrancy,0,1,FP,1.43,OK
50031.sol,reentrancy,0,1,FP,1.36,OK
50032.sol,reentrancy,0,1,FP,1.4,OK
50033.sol,reentrancy,0,1,FP,1.41,OK
50034.sol,reentrancy,0,1,FP,1.35,OK
50035.sol,reentrancy,0,1,FP,1.46,OK
50036.sol,reentrancy,0,1,FP,1.44,OK
18509.sol,reentrancy,1,1,TP,1.68,OK
18510.sol,reentrancy,1,1,TP,1.8,OK
22074.sol,reentrancy,1,0,FN,1.37,OK
22247.sol,reentrancy,1,1,TP,1.51,OK
22416.sol,reentrancy,1,1,TP,1.73,OK
24161.sol,reentrancy,1,1,TP,1.55,OK
26742.sol,reentrancy,1,1,TP,1.4,OK
26743.sol,reentrancy,1,1,TP,1.45,OK
29089.sol,reentrancy,1,1,TP,1.79,OK
37707.sol,reentrancy,1,1,TP,1.7,OK
39019.sol,reentrancy,1,0,FN,1.33,OK
39269.sol,reentrancy,1,0,FN,1.34,OK
39778.sol,reentrancy,1,1,TP,1.23,OK
39866.sol,reentrancy,1,1,TP,1.83,OK
40415.sol,reentrancy,1,1,TP,1.69,OK
40499.sol,reentrancy,1,0,FN,2.15,OK
40732.sol,reentrancy,1,1,TP,1.36,OK
40735.sol,reentrancy,1,1,TP,1.33,OK
40736.sol,reentrancy,1,1,TP,1.33,OK
40742.sol,reentrancy,1,1,TP,2.17,OK
40745.sol,reentrancy,1,1,TP,1.91,OK
40746.sol,reentrancy,1,1,TP,1.37,OK
40747.sol,reentrancy,1,1,TP,1.35,OK
40748.sol,reentrancy,1,0,FN,2.24,OK
40749.sol,reentrancy,1,1,TP,1.56,OK
40753.sol,reentrancy,1,1,TP,1.36,OK
40754.sol,reentrancy,1,1,TP,1.28,OK
40755.sol,reentrancy,1,1,TP,1.27,OK
40756.sol,reentrancy,1,1,TP,1.21,OK
40757.sol,reentrancy,1,1,TP,1.25,OK
40758.sol,reentrancy,1,1,TP,1.68,OK
40761.sol,reentrancy,1,1,TP,1.9,OK
40762.sol,reentrancy,1,1,TP,2.15,OK
40764.sol,reentrancy,1,1,TP,1.87,OK
40765.sol,reentrancy,1,1,TP,1.69,OK
40770.sol,reentrancy,1,1,TP,1.35,OK
40772.sol,reentrancy,1,1,TP,1.31,OK
40775.sol,reentrancy,1,1,TP,1.32,OK
40776.sol,reentrancy,1,1,TP,1.51,OK
40777.sol,reentrancy,1,1,TP,1.8,OK
40779.sol,reentrancy,1,1,TP,1.82,OK
40780.sol,reentrancy,1,1,TP,1.72,OK
40781.sol,reentrancy,1,1,TP,1.44,OK
40784.sol,reentrancy,1,1,TP,1.39,OK
40785.sol,reentrancy,1,1,TP,1.26,OK
40787.sol,reentrancy,1,1,TP,1.31,OK
40789.sol,reentrancy,1,1,TP,1.27,OK
50002.sol,reentrancy,1,1,TP,1.22,OK
50003.sol,reentrancy,1,0,FN,1.95,OK
50005.sol,reentrancy,1,0,FN,2.15,OK
50006.sol,reentrancy,1,1,TP,2.16,OK
50008.sol,reentrancy,1,1,TP,1.79,OK
50009.sol,reentrancy,1,1,TP,1.38,OK
50010.sol,reentrancy,1,1,TP,1.28,OK
50011.sol,reentrancy,1,1,TP,1.52,OK
50013.sol,reentrancy,1,1,TP,1.73,OK
50014.sol,reentrancy,1,1,TP,1.84,OK
50015.sol,reentrancy,1,1,TP,1.67,OK
50016.sol,reentrancy,1,1,TP,1.35,OK
50017.sol,reentrancy,1,1,TP,1.71,OK
50018.sol,reentrancy,1,1,TP,1.87,OK
50019.sol,reentrancy,1,1,TP,1.8,OK
50020.sol,reentrancy,1,1,TP,1.35,OK
50021.sol,reentrancy,1,1,TP,1.32,OK
50022.sol,reentrancy,1,1,TP,1.28,OK
50023.sol,reentrancy,1,1,TP,2.05,OK
50024.sol,reentrancy,1,1,TP,2.04,OK
50025.sol,reentrancy,1,1,TP,2.08,OK
50026.sol,reentrancy,1,1,TP,1.43,OK
1.sol,overflow,0,-1,N/A,1.26,OK
10146.sol,overflow,0,-1,N/A,1.2,OK
10369.sol,overflow,0,-1,N/A,1.22,OK
10971.sol,overflow,0,-1,N/A,1.21,OK
11243.sol,overflow,0,-1,N/A,1.19,OK
11323.sol,overflow,0,-1,N/A,1.16,OK
11931.sol,overflow,0,-1,N/A,1.19,OK
124.sol,overflow,0,-1,N/A,1.33,OK
1246.sol,overflow,0,-1,N/A,1.26,OK
1288.sol,overflow,0,-1,N/A,1.45,OK
1319.sol,overflow,0,-1,N/A,1.5,OK
134.sol,overflow,0,-1,N/A,1.79,OK
135.sol,overflow,0,-1,N/A,1.94,OK
136.sol,overflow,0,-1,N/A,1.42,OK
1430.sol,overflow,0,-1,N/A,1.35,OK
14351.sol,overflow,0,-1,N/A,1.3,OK
14353.sol,overflow,0,-1,N/A,1.43,OK
14381.sol,overflow,0,-1,N/A,1.86,OK
14620.sol,overflow,0,-1,N/A,2.21,OK
15.sol,overflow,0,-1,N/A,1.69,OK
16018.sol,overflow,0,-1,N/A,1.35,OK
1631.sol,overflow,0,-1,N/A,1.27,OK
16521.sol,overflow,0,-1,N/A,1.2,OK
16643.sol,overflow,0,-1,N/A,1.6,OK
1668.sol,overflow,0,-1,N/A,1.99,OK
169.sol,overflow,0,-1,N/A,1.93,OK
16925.sol,overflow,0,-1,N/A,1.47,OK
17043.sol,overflow,0,-1,N/A,1.38,OK
176.sol,overflow,0,-1,N/A,1.38,OK
177.sol,overflow,0,-1,N/A,1.39,OK
17829.sol,overflow,0,-1,N/A,1.39,OK
19128.sol,overflow,0,-1,N/A,1.32,OK
2000.sol,overflow,0,-1,N/A,1.47,OK
2051.sol,overflow,0,-1,N/A,1.39,OK
21393.sol,overflow,0,-1,N/A,1.34,OK
21404.sol,overflow,0,-1,N/A,1.36,OK
21697.sol,overflow,0,-1,N/A,2.13,OK
22247.sol,overflow,0,-1,N/A,2.25,OK
22635.sol,overflow,0,-1,N/A,1.49,OK
2307.sol,overflow,0,-1,N/A,1.3,OK
2397.sol,overflow,0,-1,N/A,1.69,OK
24161.sol,overflow,0,-1,N/A,2.19,OK
26188.sol,overflow,0,-1,N/A,1.95,OK
26742.sol,overflow,0,-1,N/A,1.68,OK
27263.sol,overflow,0,-1,N/A,1.68,OK
29130.sol,overflow,0,-1,N/A,1.6,OK
30101.sol,overflow,0,-1,N/A,1.35,OK
30337.sol,overflow,0,-1,N/A,1.38,OK
30396.sol,overflow,0,-1,N/A,2.11,OK
30813.sol,overflow,0,-1,N/A,2.16,OK
30815.sol,overflow,0,-1,N/A,2.49,OK
31497.sol,overflow,0,-1,N/A,2.62,OK
31759.sol,overflow,0,-1,N/A,2.22,OK
318.sol,overflow,0,-1,N/A,1.46,OK
3185.sol,overflow,0,-1,N/A,1.36,OK
3211.sol,overflow,0,-1,N/A,1.5,OK
32175.sol,overflow,0,-1,N/A,2.2,OK
32522.sol,overflow,0,-1,N/A,2.26,OK
3270.sol,overflow,0,-1,N/A,2.28,OK
339.sol,overflow,0,-1,N/A,1.52,OK
34442.sol,overflow,0,-1,N/A,1.28,OK
35285.sol,overflow,0,-1,N/A,1.81,OK
3554.sol,overflow,0,-1,N/A,2.12,OK
35661.sol,overflow,0,-1,N/A,1.49,OK
35713.sol,overflow,0,-1,N/A,1.26,OK
3654.sol,overflow,0,-1,N/A,1.8,OK
37891.sol,overflow,0,-1,N/A,2.07,OK
38828.sol,overflow,0,-1,N/A,1.47,OK
38876.sol,overflow,0,-1,N/A,1.51,OK
38925.sol,overflow,0,-1,N/A,1.36,OK
39095.sol,overflow,0,-1,N/A,1.33,OK
39151.sol,overflow,0,-1,N/A,1.29,OK
39199.sol,overflow,0,-1,N/A,1.23,OK
39268.sol,overflow,0,-1,N/A,1.56,OK
39341.sol,overflow,0,-1,N/A,2.34,OK
39559.sol,overflow,0,-1,N/A,2.39,OK
39583.sol,overflow,0,-1,N/A,2.17,OK
39644.sol,overflow,0,-1,N/A,2.45,OK
39684.sol,overflow,0,-1,N/A,1.94,OK
39705.sol,overflow,0,-1,N/A,1.49,OK
39817.sol,overflow,0,-1,N/A,1.62,OK
400.sol,overflow,0,-1,N/A,2.5,OK
40089.sol,overflow,0,-1,N/A,1.7,OK
40252.sol,overflow,0,-1,N/A,1.49,OK
40366.sol,overflow,0,-1,N/A,2.22,OK
40413.sol,overflow,0,-1,N/A,2.07,OK
40425.sol,overflow,0,-1,N/A,1.49,OK
40500.sol,overflow,0,-1,N/A,1.41,OK
40732.sol,overflow,0,-1,N/A,2.38,OK
40733.sol,overflow,0,-1,N/A,2.47,OK
40735.sol,overflow,0,-1,N/A,1.65,OK
40749.sol,overflow,0,-1,N/A,1.61,OK
40750.sol,overflow,0,-1,N/A,1.32,OK
40753.sol,overflow,0,-1,N/A,1.37,OK
40760.sol,overflow,0,-1,N/A,1.24,OK
40768.sol,overflow,0,-1,N/A,1.78,OK
44.sol,overflow,0,-1,N/A,1.86,OK
4474.sol,overflow,0,-1,N/A,1.7,OK
4523.sol,overflow,0,-1,N/A,1.89,OK
4598.sol,overflow,0,-1,N/A,1.45,OK
4926.sol,overflow,0,-1,N/A,1.17,OK
496.sol,overflow,0,-1,N/A,1.22,OK
4993.sol,overflow,0,-1,N/A,1.23,OK
50000.sol,overflow,0,-1,N/A,1.33,OK
50001.sol,overflow,0,-1,N/A,1.39,OK
50013.sol,overflow,0,-1,N/A,2.1,OK
50015.sol,overflow,0,-1,N/A,2.02,OK
50021.sol,overflow,0,-1,N/A,1.94,OK
50026.sol,overflow,0,-1,N/A,1.94,OK
50027.sol,overflow,0,-1,N/A,1.3,OK
50030.sol,overflow,0,-1,N/A,1.35,OK
50215.sol,overflow,0,-1,N/A,1.2,OK
50217.sol,overflow,0,-1,N/A,1.26,OK
50221.sol,overflow,0,-1,N/A,1.84,OK
50330.sol,overflow,0,-1,N/A,2.0,OK
50331.sol,overflow,0,-1,N/A,2.11,OK
50336.sol,overflow,0,-1,N/A,1.7,OK
50337.sol,overflow,0,-1,N/A,1.39,OK
50338.sol,overflow,0,-1,N/A,1.43,OK
50339.sol,overflow,0,-1,N/A,1.63,OK
50440.sol,overflow,0,-1,N/A,2.55,OK
50441.sol,overflow,0,-1,N/A,2.47,OK
50442.sol,overflow,0,-1,N/A,2.39,OK
50444.sol,overflow,0,-1,N/A,1.63,OK
50445.sol,overflow,0,-1,N/A,1.56,OK
50446.sol,overflow,0,-1,N/A,1.58,OK
50447.sol,overflow,0,-1,N/A,2.45,OK
50449.sol,overflow,0,-1,N/A,2.32,OK
50550.sol,overflow,0,-1,N/A,2.3,OK
50551.sol,overflow,0,-1,N/A,1.61,OK
50553.sol,overflow,0,-1,N/A,2.1,OK
50554.sol,overflow,0,-1,N/A,1.45,OK
50555.sol,overflow,0,-1,N/A,1.53,OK
50557.sol,overflow,0,-1,N/A,2.05,OK
50558.sol,overflow,0,-1,N/A,1.77,OK
50559.sol,overflow,0,-1,N/A,1.35,OK
50660.sol,overflow,0,-1,N/A,1.34,OK
50661.sol,overflow,0,-1,N/A,1.97,OK
50662.sol,overflow,0,-1,N/A,1.98,OK
50663.sol,overflow,0,-1,N/A,1.51,OK
50664.sol,overflow,0,-1,N/A,1.46,OK
50665.sol,overflow,0,-1,N/A,1.37,OK
50666.sol,overflow,0,-1,N/A,2.05,OK
50668.sol,overflow,0,-1,N/A,1.95,OK
50669.sol,overflow,0,-1,N/A,1.4,OK
50770.sol,overflow,0,-1,N/A,1.34,OK
50771.sol,overflow,0,-1,N/A,1.31,OK
50773.sol,overflow,0,-1,N/A,1.6,OK
50774.sol,overflow,0,-1,N/A,2.12,OK
50775.sol,overflow,0,-1,N/A,2.17,OK
50776.sol,overflow,0,-1,N/A,1.68,OK
50777.sol,overflow,0,-1,N/A,1.57,OK
50778.sol,overflow,0,-1,N/A,1.5,OK
50779.sol,overflow,0,-1,N/A,1.76,OK
50780.sol,overflow,0,-1,N/A,2.32,OK
50781.sol,overflow,0,-1,N/A,2.41,OK
50782.sol,overflow,0,-1,N/A,2.26,OK
50783.sol,overflow,0,-1,N/A,1.74,OK
50784.sol,overflow,0,-1,N/A,1.65,OK
50785.sol,overflow,0,-1,N/A,1.75,OK
50786.sol,overflow,0,-1,N/A,2.47,OK
50787.sol,overflow,0,-1,N/A,2.03,OK
50788.sol,overflow,0,-1,N/A,2.04,OK
50789.sol,overflow,0,-1,N/A,1.55,OK
50791.sol,overflow,0,-1,N/A,1.59,OK
50792.sol,overflow,0,-1,N/A,1.56,OK
50793.sol,overflow,0,-1,N/A,1.41,OK
50794.sol,overflow,0,-1,N/A,1.42,OK
50795.sol,overflow,0,-1,N/A,1.28,OK
50798.sol,overflow,0,-1,N/A,1.99,OK
538.sol,overflow,0,-1,N/A,1.78,OK
5629.sol,overflow,0,-1,N/A,2.03,OK
6192.sol,overflow,0,-1,N/A,1.9,OK
625.sol,overflow,0,-1,N/A,1.82,OK
649.sol,overflow,0,-1,N/A,1.31,OK
650.sol,overflow,0,-1,N/A,1.24,OK
666.sol,overflow,0,-1,N/A,1.21,OK
7330.sol,overflow,0,-1,N/A,1.28,OK
737.sol,overflow,0,-1,N/A,2.07,OK
738.sol,overflow,0,-1,N/A,2.07,OK
740.sol,overflow,0,-1,N/A,1.85,OK
7570.sol,overflow,0,-1,N/A,1.34,OK
797.sol,overflow,0,-1,N/A,1.66,OK
8026.sol,overflow,0,-1,N/A,1.54,OK
8342.sol,overflow,0,-1,N/A,1.28,OK
84.sol,overflow,0,-1,N/A,1.39,OK
883.sol,overflow,0,-1,N/A,2.04,OK
8872.sol,overflow,0,-1,N/A,2.06,OK
9428.sol,overflow,0,-1,N/A,1.63,OK
1115.sol,overflow,1,-1,N/A,1.42,OK
1183.sol,overflow,1,-1,N/A,1.34,OK
12292.sol,overflow,1,-1,N/A,1.7,OK
12321.sol,overflow,1,-1,N/A,1.87,OK
12894.sol,overflow,1,-1,N/A,2.48,OK
12998.sol,overflow,1,-1,N/A,1.75,OK
1313.sol,overflow,1,-1,N/A,1.36,OK
13371.sol,overflow,1,-1,N/A,1.48,OK
14284.sol,overflow,1,-1,N/A,1.71,OK
14711.sol,overflow,1,-1,N/A,2.33,OK
14994.sol,overflow,1,-1,N/A,2.36,OK
1533.sol,overflow,1,-1,N/A,2.12,OK
16957.sol,overflow,1,-1,N/A,1.57,OK
170.sol,overflow,1,-1,N/A,1.21,OK
17401.sol,overflow,1,-1,N/A,1.22,OK
1813.sol,overflow,1,-1,N/A,1.16,OK
1825.sol,overflow,1,-1,N/A,1.18,OK
18509.sol,overflow,1,-1,N/A,1.26,OK
19925.sol,overflow,1,-1,N/A,1.28,OK
2.sol,overflow,1,-1,N/A,1.2,OK
211.sol,overflow,1,-1,N/A,1.34,OK
21162.sol,overflow,1,-1,N/A,1.29,OK
21241.sol,overflow,1,-1,N/A,1.35,OK
22074.sol,overflow,1,-1,N/A,1.23,OK
22416.sol,overflow,1,-1,N/A,1.24,OK
2253.sol,overflow,1,-1,N/A,1.23,OK
23792.sol,overflow,1,-1,N/A,1.22,OK
2399.sol,overflow,1,-1,N/A,1.22,OK
24648.sol,overflow,1,-1,N/A,1.36,OK
2563.sol,overflow,1,-1,N/A,1.2,OK
29089.sol,overflow,1,-1,N/A,1.21,OK
29409.sol,overflow,1,-1,N/A,1.22,OK
3.sol,overflow,1,-1,N/A,1.19,OK
35358.sol,overflow,1,-1,N/A,1.24,OK
3543.sol,overflow,1,-1,N/A,1.18,OK
35806.sol,overflow,1,-1,N/A,1.28,OK
36481.sol,overflow,1,-1,N/A,1.23,OK
3702.sol,overflow,1,-1,N/A,1.16,OK
37707.sol,overflow,1,-1,N/A,1.18,OK
38057.sol,overflow,1,-1,N/A,1.18,OK
39019.sol,overflow,1,-1,N/A,1.21,OK
39778.sol,overflow,1,-1,N/A,1.28,OK
39866.sol,overflow,1,-1,N/A,1.25,OK
4.sol,overflow,1,-1,N/A,1.16,OK
40005.sol,overflow,1,-1,N/A,1.26,OK
40092.sol,overflow,1,-1,N/A,1.18,OK
40249.sol,overflow,1,-1,N/A,1.15,OK
40336.sol,overflow,1,-1,N/A,1.25,OK
40340.sol,overflow,1,-1,N/A,1.27,OK
40353.sol,overflow,1,-1,N/A,1.22,OK
40415.sol,overflow,1,-1,N/A,1.23,OK
40499.sol,overflow,1,-1,N/A,1.22,OK
40736.sol,overflow,1,-1,N/A,1.22,OK
40745.sol,overflow,1,-1,N/A,1.19,OK
40746.sol,overflow,1,-1,N/A,1.19,OK
40747.sol,overflow,1,-1,N/A,1.14,OK
40748.sol,overflow,1,-1,N/A,1.19,OK
40754.sol,overflow,1,-1,N/A,1.17,OK
40756.sol,overflow,1,-1,N/A,1.16,OK
40770.sol,overflow,1,-1,N/A,1.24,OK
40780.sol,overflow,1,-1,N/A,1.22,OK
419.sol,overflow,1,-1,N/A,1.2,OK
42.sol,overflow,1,-1,N/A,1.14,OK
4832.sol,overflow,1,-1,N/A,1.27,OK
5.sol,overflow,1,-1,N/A,1.12,OK
50002.sol,overflow,1,-1,N/A,1.17,OK
50007.sol,overflow,1,-1,N/A,1.21,OK
50010.sol,overflow,1,-1,N/A,1.2,OK
50014.sol,overflow,1,-1,N/A,1.19,OK
50036.sol,overflow,1,-1,N/A,1.14,OK
50062.sol,overflow,1,-1,N/A,1.22,OK
50219.sol,overflow,1,-1,N/A,1.14,OK
50799.sol,overflow,1,-1,N/A,1.16,OK
5142.sol,overflow,1,-1,N/A,1.16,OK
595.sol,overflow,1,-1,N/A,1.27,OK
6272.sol,overflow,1,-1,N/A,1.24,OK
6603.sol,overflow,1,-1,N/A,1.28,OK
6606.sol,overflow,1,-1,N/A,1.24,OK
711.sol,overflow,1,-1,N/A,1.23,OK
7134.sol,overflow,1,-1,N/A,1.2,OK
7593.sol,overflow,1,-1,N/A,2.04,OK
8606.sol,overflow,1,-1,N/A,1.62,OK
9208.sol,overflow,1,-1,N/A,1.17,OK
9230.sol,overflow,1,-1,N/A,1.22,OK
948.sol,overflow,1,-1,N/A,1.25,OK
9850.sol,overflow,1,-1,N/A,1.18,OK
1015.sol,timestamp,0,0,TN,1.29,OK
10233.sol,timestamp,0,0,TN,1.22,OK
10342.sol,timestamp,0,0,TN,1.26,OK
10547.sol,timestamp,0,0,TN,1.23,OK
10855.sol,timestamp,0,0,TN,1.24,OK
11159.sol,timestamp,0,0,TN,1.21,OK
11323.sol,timestamp,0,0,TN,1.21,OK
11330.sol,timestamp,0,0,TN,1.26,OK
11346.sol,timestamp,0,0,TN,1.46,OK
11798.sol,timestamp,0,0,TN,1.7,OK
1181.sol,timestamp,0,0,TN,1.66,OK
11964.sol,timestamp,0,0,TN,1.65,OK
12044.sol,timestamp,0,0,TN,1.59,OK
12115.sol,timestamp,0,0,TN,1.65,OK
124.sol,timestamp,0,0,TN,1.49,OK
1246.sol,timestamp,0,0,TN,1.64,OK
12460.sol,timestamp,0,0,TN,1.45,OK
1256.sol,timestamp,0,0,TN,1.56,OK
12688.sol,timestamp,0,0,TN,1.61,OK
12689.sol,timestamp,0,0,TN,1.5,OK
12715.sol,timestamp,0,0,TN,1.53,OK
12856.sol,timestamp,0,0,TN,1.5,OK
13069.sol,timestamp,0,0,TN,1.57,OK
1313.sol,timestamp,0,0,TN,1.59,OK
13283.sol,timestamp,0,0,TN,1.61,OK
134.sol,timestamp,0,0,TN,1.54,OK
135.sol,timestamp,0,0,TN,1.55,OK
136.sol,timestamp,0,0,TN,1.55,OK
13657.sol,timestamp,0,0,TN,1.5,OK
137.sol,timestamp,0,0,TN,1.49,OK
14351.sol,timestamp,0,0,TN,1.51,OK
14381.sol,timestamp,0,0,TN,1.47,OK
14439.sol,timestamp,0,0,TN,1.5,OK
14634.sol,timestamp,0,0,TN,1.55,OK
14997.sol,timestamp,0,0,TN,1.5,OK
15.sol,timestamp,0,0,TN,1.49,OK
15566.sol,timestamp,0,0,TN,1.5,OK
15671.sol,timestamp,0,0,TN,1.47,OK
15822.sol,timestamp,0,0,TN,1.58,OK
16018.sol,timestamp,0,0,TN,1.57,OK
1631.sol,timestamp,0,0,TN,1.46,OK
16521.sol,timestamp,0,0,TN,1.42,OK
1667.sol,timestamp,0,0,TN,1.49,OK
1668.sol,timestamp,0,0,TN,1.48,OK
16957.sol,timestamp,0,0,TN,1.47,OK
176.sol,timestamp,0,0,TN,1.59,OK
177.sol,timestamp,0,0,TN,1.61,OK
17806.sol,timestamp,0,0,TN,1.59,OK
17816.sol,timestamp,0,0,TN,1.41,OK
1824.sol,timestamp,0,0,TN,1.47,OK
1825.sol,timestamp,0,0,TN,1.44,OK
1851.sol,timestamp,0,0,TN,1.49,OK
19294.sol,timestamp,0,0,TN,1.48,OK
19692.sol,timestamp,0,0,TN,1.45,OK
20888.sol,timestamp,0,0,TN,1.48,OK
20930.sol,timestamp,0,0,TN,1.53,OK
21162.sol,timestamp,0,0,TN,1.45,OK
22155.sol,timestamp,0,0,TN,1.52,OK
22256.sol,timestamp,0,0,TN,1.64,OK
22272.sol,timestamp,0,0,TN,1.64,OK
22734.sol,timestamp,0,0,TN,1.52,OK
2397.sol,timestamp,0,0,TN,1.59,OK
28101.sol,timestamp,0,0,TN,1.51,OK
29084.sol,timestamp,0,0,TN,1.48,OK
29409.sol,timestamp,0,0,TN,1.52,OK
30343.sol,timestamp,0,0,TN,1.54,OK
30507.sol,timestamp,0,0,TN,1.39,OK
30813.sol,timestamp,0,0,TN,1.52,OK
30815.sol,timestamp,0,0,TN,1.52,OK
30925.sol,timestamp,0,0,TN,1.53,OK
30939.sol,timestamp,0,0,TN,1.55,OK
30963.sol,timestamp,0,0,TN,1.7,OK
30976.sol,timestamp,0,0,TN,1.44,OK
31551.sol,timestamp,0,0,TN,1.45,OK
3185.sol,timestamp,0,0,TN,1.48,OK
31867.sol,timestamp,0,0,TN,1.54,OK
31892.sol,timestamp,0,0,TN,1.46,OK
33217.sol,timestamp,0,0,TN,1.55,OK
33575.sol,timestamp,0,0,TN,1.47,OK
33638.sol,timestamp,0,0,TN,1.44,OK
33711.sol,timestamp,0,0,TN,1.4,OK
33974.sol,timestamp,0,0,TN,1.54,OK
34068.sol,timestamp,0,0,TN,1.49,OK
34272.sol,timestamp,0,0,TN,1.44,OK
34442.sol,timestamp,0,0,TN,1.47,OK
34575.sol,timestamp,0,0,TN,1.49,OK
34725.sol,timestamp,0,0,TN,1.56,OK
35257.sol,timestamp,0,0,TN,1.47,OK
35268.sol,timestamp,0,0,TN,1.53,OK
35285.sol,timestamp,0,0,TN,1.48,OK
35322.sol,timestamp,0,0,TN,1.65,OK
35358.sol,timestamp,0,0,TN,1.7,OK
3554.sol,timestamp,0,0,TN,1.58,OK
3555.sol,timestamp,0,0,TN,1.52,OK
35551.sol,timestamp,0,0,TN,1.58,OK
35897.sol,timestamp,0,0,TN,1.54,OK
36451.sol,timestamp,0,0,TN,1.42,OK
3654.sol,timestamp,0,0,TN,1.46,OK
36737.sol,timestamp,0,0,TN,1.47,OK
36852.sol,timestamp,0,0,TN,1.52,OK
37017.sol,timestamp,0,0,TN,1.51,OK
37274.sol,timestamp,0,0,TN,1.6,OK
37390.sol,timestamp,0,0,TN,1.48,OK
37514.sol,timestamp,0,0,TN,1.52,OK
37683.sol,timestamp,0,0,TN,1.51,OK
37684.sol,timestamp,0,0,TN,1.54,OK
3772.sol,timestamp,0,0,TN,1.57,OK
38096.sol,timestamp,0,0,TN,1.5,OK
38239.sol,timestamp,0,0,TN,1.48,OK
38421.sol,timestamp,0,0,TN,1.47,OK
38709.sol,timestamp,0,0,TN,1.53,OK
38727.sol,timestamp,0,0,TN,1.52,OK
38888.sol,timestamp,0,0,TN,1.42,OK
38925.sol,timestamp,0,0,TN,1.53,OK
38983.sol,timestamp,0,0,TN,1.56,OK
39091.sol,timestamp,0,0,TN,1.51,OK
39095.sol,timestamp,0,0,TN,1.59,OK
39114.sol,timestamp,0,0,TN,1.42,OK
39425.sol,timestamp,0,0,TN,1.51,OK
3952.sol,timestamp,0,0,TN,1.55,OK
39559.sol,timestamp,0,0,TN,1.5,OK
39583.sol,timestamp,0,0,TN,1.47,OK
39631.sol,timestamp,0,0,TN,1.57,OK
39845.sol,timestamp,0,0,TN,1.64,OK
40154.sol,timestamp,0,0,TN,1.48,OK
40155.sol,timestamp,0,0,TN,1.52,OK
40252.sol,timestamp,0,0,TN,1.58,OK
40419.sol,timestamp,0,0,TN,1.58,OK
40497.sol,timestamp,0,0,TN,1.59,OK
40535.sol,timestamp,0,0,TN,1.46,OK
40539.sol,timestamp,0,0,TN,1.53,OK
40587.sol,timestamp,0,0,TN,1.47,OK
40665.sol,timestamp,0,0,TN,1.51,OK
40735.sol,timestamp,0,0,TN,1.42,OK
40737.sol,timestamp,0,0,TN,1.6,OK
40739.sol,timestamp,0,0,TN,1.56,OK
40740.sol,timestamp,0,0,TN,1.58,OK
40741.sol,timestamp,0,0,TN,1.55,OK
40742.sol,timestamp,0,0,TN,1.54,OK
40743.sol,timestamp,0,0,TN,1.57,OK
40744.sol,timestamp,0,1,FP,1.5,OK
40747.sol,timestamp,0,0,TN,1.45,OK
40756.sol,timestamp,0,0,TN,1.51,OK
419.sol,timestamp,0,0,TN,1.42,OK
42.sol,timestamp,0,0,TN,1.39,OK
4587.sol,timestamp,0,0,TN,1.43,OK
4588.sol,timestamp,0,0,TN,1.44,OK
4717.sol,timestamp,0,0,TN,1.45,OK
4882.sol,timestamp,0,0,TN,1.57,OK
4922.sol,timestamp,0,0,TN,1.43,OK
496.sol,timestamp,0,0,TN,1.4,OK
4993.sol,timestamp,0,0,TN,1.46,OK
50001.sol,timestamp,0,0,TN,1.49,OK
50221.sol,timestamp,0,0,TN,1.57,OK
5132.sol,timestamp,0,0,TN,1.51,OK
5259.sol,timestamp,0,0,TN,1.45,OK
578.sol,timestamp,0,0,TN,1.55,OK
6149.sol,timestamp,0,0,TN,1.49,OK
6199.sol,timestamp,0,0,TN,1.47,OK
6272.sol,timestamp,0,0,TN,1.5,OK
6348.sol,timestamp,0,0,TN,1.52,OK
650.sol,timestamp,0,0,TN,1.46,OK
6534.sol,timestamp,0,0,TN,1.53,OK
711.sol,timestamp,0,0,TN,1.38,OK
737.sol,timestamp,0,0,TN,1.38,OK
738.sol,timestamp,0,0,TN,1.5,OK
740.sol,timestamp,0,0,TN,1.48,OK
798.sol,timestamp,0,0,TN,1.49,OK
8025.sol,timestamp,0,0,TN,1.54,OK
8026.sol,timestamp,0,0,TN,1.49,OK
8099.sol,timestamp,0,0,TN,1.5,OK
8141.sol,timestamp,0,0,TN,1.45,OK
8826.sol,timestamp,0,0,TN,1.42,OK
9428.sol,timestamp,0,0,TN,1.5,OK
9560.sol,timestamp,0,0,TN,1.47,OK
9820.sol,timestamp,0,0,TN,1.41,OK
1014.sol,timestamp,1,0,FN,1.43,OK
10146.sol,timestamp,1,0,FN,1.45,OK
10295.sol,timestamp,1,0,FN,1.5,OK
10369.sol,timestamp,1,0,FN,1.58,OK
1057.sol,timestamp,1,0,FN,1.57,OK
10736.sol,timestamp,1,0,FN,1.54,OK
11064.sol,timestamp,1,0,FN,1.39,OK
1115.sol,timestamp,1,0,FN,1.39,OK
11243.sol,timestamp,1,0,FN,1.53,OK
11457.sol,timestamp,1,0,FN,1.36,OK
1182.sol,timestamp,1,0,FN,1.42,OK
1183.sol,timestamp,1,0,FN,1.52,OK
11931.sol,timestamp,1,0,FN,1.5,OK
1226.sol,timestamp,1,0,FN,1.48,OK
12292.sol,timestamp,1,0,FN,1.44,OK
12321.sol,timestamp,1,0,FN,1.5,OK
12393.sol,timestamp,1,0,FN,1.48,OK
12465.sol,timestamp,1,0,FN,1.41,OK
12466.sol,timestamp,1,0,FN,1.55,OK
1284.sol,timestamp,1,0,FN,1.45,OK
12841.sol,timestamp,1,0,FN,1.51,OK
1288.sol,timestamp,1,0,FN,1.5,OK
12894.sol,timestamp,1,0,FN,1.4,OK
12898.sol,timestamp,1,0,FN,1.47,OK
12919.sol,timestamp,1,0,FN,1.65,OK
12998.sol,timestamp,1,0,FN,1.45,OK
1318.sol,timestamp,1,0,FN,1.46,OK
1319.sol,timestamp,1,0,FN,1.44,OK
13293.sol,timestamp,1,0,FN,1.41,OK
13371.sol,timestamp,1,0,FN,1.48,OK
13413.sol,timestamp,1,0,FN,1.52,OK
13723.sol,timestamp,1,0,FN,1.46,OK
13780.sol,timestamp,1,0,FN,1.44,OK
13993.sol,timestamp,1,0,FN,1.47,OK
1404.sol,timestamp,1,0,FN,1.55,OK
1445.sol,timestamp,1,0,FN,1.82,OK
14711.sol,timestamp,1,0,FN,1.69,OK
14872.sol,timestamp,1,0,FN,1.49,OK
14928.sol,timestamp,1,0,FN,1.52,OK
15038.sol,timestamp,1,0,FN,1.53,OK
1532.sol,timestamp,1,0,FN,1.52,OK
1533.sol,timestamp,1,0,FN,1.53,OK
15641.sol,timestamp,1,1,TP,1.69,OK
15930.sol,timestamp,1,0,FN,1.72,OK
16407.sol,timestamp,1,0,FN,1.63,OK
169.sol,timestamp,1,0,FN,1.65,OK
16979.sol,timestamp,1,0,FN,1.61,OK
170.sol,timestamp,1,0,FN,1.67,OK
17401.sol,timestamp,1,0,FN,1.57,OK
1813.sol,timestamp,1,0,FN,1.56,OK
18975.sol,timestamp,1,0,FN,1.72,OK
19182.sol,timestamp,1,0,FN,1.72,OK
1954.sol,timestamp,1,0,FN,1.5,OK
19714.sol,timestamp,1,0,FN,1.58,OK
20057.sol,timestamp,1,0,FN,1.84,OK
20259.sol,timestamp,1,0,FN,1.71,OK
2051.sol,timestamp,1,0,FN,1.78,OK
211.sol,timestamp,1,0,FN,1.63,OK
212.sol,timestamp,1,0,FN,1.55,OK
21393.sol,timestamp,1,0,FN,1.46,OK
21404.sol,timestamp,1,0,FN,1.37,OK
21890.sol,timestamp,1,0,FN,1.61,OK
2252.sol,timestamp,1,0,FN,1.55,OK
2253.sol,timestamp,1,0,FN,1.71,OK
2379.sol,timestamp,1,0,FN,1.83,OK
2399.sol,timestamp,1,0,FN,1.48,OK
2563.sol,timestamp,1,0,FN,1.39,OK
2688.sol,timestamp,1,0,FN,1.16,OK
27455.sol,timestamp,1,0,FN,1.25,OK
2777.sol,timestamp,1,0,FN,1.27,OK
28359.sol,timestamp,1,0,FN,1.13,OK
28383.sol,timestamp,1,0,FN,1.15,OK
29131.sol,timestamp,1,0,FN,1.26,OK
30060.sol,timestamp,1,0,FN,1.18,OK
30396.sol,timestamp,1,0,FN,1.12,OK
30772.sol,timestamp,1,0,FN,1.13,OK
31758.sol,timestamp,1,0,FN,1.14,OK
318.sol,timestamp,1,0,FN,1.16,OK
31812.sol,timestamp,1,0,FN,1.18,OK
31999.sol,timestamp,1,0,FN,1.23,OK
32007.sol,timestamp,1,0,FN,1.18,OK
32175.sol,timestamp,1,0,FN,1.11,OK
339.sol,timestamp,1,0,FN,1.11,OK
3434.sol,timestamp,1,0,FN,1.23,OK
347.sol,timestamp,1,0,FN,1.08,OK
34995.sol,timestamp,1,0,FN,1.17,OK
3543.sol,timestamp,1,0,FN,1.14,OK
36661.sol,timestamp,1,0,FN,1.1,OK
3702.sol,timestamp,1,0,FN,1.13,OK
37155.sol,timestamp,1,0,FN,1.13,OK
37221.sol,timestamp,1,0,FN,1.14,OK
3729.sol,timestamp,1,0,FN,1.17,OK
37559.sol,timestamp,1,0,FN,1.26,OK
37672.sol,timestamp,1,0,FN,1.18,OK
37679.sol,timestamp,1,0,FN,1.15,OK
37919.sol,timestamp,1,0,FN,1.18,OK
37920.sol,timestamp,1,0,FN,1.29,OK
38392.sol,timestamp,1,0,FN,1.15,OK
38684.sol,timestamp,1,0,FN,1.15,OK
38947.sol,timestamp,1,0,FN,1.15,OK
39715.sol,timestamp,1,0,FN,1.23,OK
400.sol,timestamp,1,0,FN,1.26,OK
40005.sol,timestamp,1,0,FN,1.21,OK
40059.sol,timestamp,1,0,FN,1.17,OK
40239.sol,timestamp,1,0,FN,1.25,OK
40451.sol,timestamp,1,0,FN,1.34,OK
40611.sol,timestamp,1,0,FN,1.33,OK
40726.sol,timestamp,1,0,FN,1.22,OK
40727.sol,timestamp,1,0,FN,1.29,OK
40733.sol,timestamp,1,0,FN,1.19,OK
40736.sol,timestamp,1,0,FN,1.23,OK
40738.sol,timestamp,1,0,FN,1.25,OK
40745.sol,timestamp,1,1,TP,1.17,OK
40746.sol,timestamp,1,0,FN,1.17,OK
40748.sol,timestamp,1,0,FN,1.17,OK
40750.sol,timestamp,1,0,FN,1.17,OK
40751.sol,timestamp,1,0,FN,1.21,OK
40753.sol,timestamp,1,0,FN,1.17,OK
40754.sol,timestamp,1,0,FN,1.21,OK
40755.sol,timestamp,1,0,FN,1.2,OK
40757.sol,timestamp,1,0,FN,1.19,OK
4225.sol,timestamp,1,0,FN,1.16,OK
44.sol,timestamp,1,0,FN,1.17,OK
4467.sol,timestamp,1,0,FN,1.22,OK
4474.sol,timestamp,1,0,FN,1.15,OK
4523.sol,timestamp,1,0,FN,1.19,OK
4524.sol,timestamp,1,0,FN,1.18,OK
4590.sol,timestamp,1,0,FN,1.28,OK
4926.sol,timestamp,1,0,FN,1.18,OK
49728.sol,timestamp,1,0,FN,1.26,OK
50062.sol,timestamp,1,0,FN,1.25,OK
50063.sol,timestamp,1,0,FN,1.24,OK
50215.sol,timestamp,1,0,FN,1.17,OK
50216.sol,timestamp,1,0,FN,1.27,OK
50217.sol,timestamp,1,0,FN,1.22,OK
50219.sol,timestamp,1,0,FN,1.26,OK
50222.sol,timestamp,1,0,FN,1.18,OK
5142.sol,timestamp,1,0,FN,1.29,OK
5143.sol,timestamp,1,0,FN,1.21,OK
5164.sol,timestamp,1,0,FN,1.24,OK
5339.sol,timestamp,1,0,FN,1.24,OK
538.sol,timestamp,1,0,FN,1.18,OK
5934.sol,timestamp,1,0,FN,1.16,OK
595.sol,timestamp,1,0,FN,1.19,OK
5975.sol,timestamp,1,0,FN,1.24,OK
6220.sol,timestamp,1,0,FN,1.28,OK
625.sol,timestamp,1,0,FN,1.2,OK
626.sol,timestamp,1,0,FN,1.24,OK
6369.sol,timestamp,1,0,FN,1.27,OK
649.sol,timestamp,1,0,FN,1.25,OK
6578.sol,timestamp,1,0,FN,1.35,OK
666.sol,timestamp,1,0,FN,1.21,OK
6929.sol,timestamp,1,0,FN,1.22,OK
7134.sol,timestamp,1,0,FN,1.21,OK
7330.sol,timestamp,1,0,FN,1.26,OK
739.sol,timestamp,1,0,FN,1.2,OK
7419.sol,timestamp,1,0,FN,1.25,OK
7570.sol,timestamp,1,0,FN,1.2,OK
7593.sol,timestamp,1,0,FN,1.21,OK
797.sol,timestamp,1,0,FN,1.21,OK
8342.sol,timestamp,1,0,FN,1.17,OK
84.sol,timestamp,1,0,FN,1.24,OK
8606.sol,timestamp,1,0,FN,1.19,OK
883.sol,timestamp,1,0,FN,1.12,OK
911.sol,timestamp,1,0,FN,1.15,OK
9208.sol,timestamp,1,0,FN,1.24,OK
9230.sol,timestamp,1,0,FN,1.16,OK
9377.sol,timestamp,1,0,FN,1.22,OK
9379.sol,timestamp,1,0,FN,1.16,OK
948.sol,timestamp,1,0,FN,1.24,OK
9654.sol,timestamp,1,0,FN,1.24,OK
9850.sol,timestamp,1,0,FN,1.2,OK
9918.sol,timestamp,1,0,FN,1.13,OK
