"filename","ground_truth","slither_flagged","reentrancy_detectors","exit_code","status","duration_s"
"00_BasicConst_safe1.sol",0,0,"none",255,"TN",0.57
"00_BasicEmit_safe1.sol",0,1,"reentrancy-events",255,"FP",0.55
"00_BasicError_safe1.sol",0,0,"none",255,"TN",0.58
"00_BasicFold_safe1.sol",0,0,"none",255,"TN",0.87
"00_BasicFold_safe2.sol",0,0,"none",255,"TN",0.98
"00_BasicInline_safe1.sol",0,0,"none",255,"TN",0.89
"00_BasicNoCall_safe1.sol",0,0,"none",255,"TN",1.05
"00_BasicNoChecks_safe1.sol",0,0,"none",255,"TN",1.03
"00_BasicStaticcall_safe1.sol",0,0,"none",255,"TN",0.92
"00_BasicUnchecked_safe1.sol",0,0,"none",255,"TN",0.74
"00_Basic_safe1.sol",0,0,"none",255,"TN",0.67
"01_SingleMutexFoldUnderflow_safe1.sol",0,1,"reentrancy-eth",255,"FP",0.67
"01_SingleMutexFold_safe1.sol",0,1,"reentrancy-eth",255,"FP",0.85
"01_SingleMutex_safe1.sol",0,1,"reentrancy-eth",255,"FP",0.65
"01_SingleMutex_safe2.sol",0,1,"reentrancy-eth",255,"FP",0.79
"02_CrossMutexUnchecked_safe1.sol",0,1,"reentrancy-eth",255,"FP",0.85
"02_CrossMutexUnderflow_safe1.sol",0,1,"reentrancy-eth",255,"FP",1.08
"02_CrossMutex_safe1.sol",0,1,"reentrancy-eth",255,"FP",0.71
"02_CrossMutex_safe2.sol",0,1,"reentrancy-eth",255,"FP",0.82
"03_SingleModFoldUnderflow_safe1.sol",0,1,"reentrancy-eth",255,"FP",0.84
"03_SingleModFold_safe1.sol",0,1,"reentrancy-eth",255,"FP",0.82
"03_SingleModUnderflow_safe1.sol",0,1,"reentrancy-eth",255,"FP",0.7
"03_SingleMod_safe1.sol",0,1,"reentrancy-eth",255,"FP",0.69
"03_SingleMod_safe2.sol",0,0,"none",255,"TN",0.67
"04_CrossModFoldUnderflow_safe1.sol",0,1,"reentrancy-eth",255,"FP",0.91
"04_CrossModFold_safe1.sol",0,1,"reentrancy-eth",255,"FP",0.73
"04_CrossMod_safe1.sol",0,0,"none",255,"TN",0.74
"04_CrossMod_safe2.sol",0,1,"reentrancy-eth",255,"FP",1.16
"04_CrossMod_safe3.sol",0,1,"reentrancy-eth",255,"FP",1.16
"05_SendEmitUnchecked_safe1.sol",0,1,"reentrancy-unlimited-gas",255,"FP",0.62
"05_SendEmit_safe1.sol",0,1,"reentrancy-unlimited-gas",255,"FP",0.61
"05_SendUnchecked_safe1.sol",0,0,"none",255,"TN",0.69
"05_Send_safe1.sol",0,1,"reentrancy-unlimited-gas",255,"FP",0.56
"05_Send_safe2.sol",0,1,"reentrancy-unlimited-gas",255,"FP",0.65
"05_Send_safe3.sol",0,0,"none",255,"TN",0.58
"06_TransferUnchecked_safe1.sol",0,1,"reentrancy-unlimited-gas",255,"FP",0.85
"06_TransferUnchecked_safe2.sol",0,0,"none",255,"TN",0.76
"06_Transfer_safe1.sol",0,1,"reentrancy-unlimited-gas",255,"FP",0.65
"06_Transfer_safe2.sol",0,0,"none",255,"TN",0.61
"07_MixedSendFoldEmit_safe1.sol",0,1,"reentrancy-events|reentrancy-unlimited-gas",255,"FP",0.98
"07_MixedSendFold_safe1.sol",0,1,"reentrancy-unlimited-gas",255,"FP",0.91
"07_MixedSend_safe1.sol",0,1,"reentrancy-unlimited-gas",255,"FP",0.67
"08_MixedTransferEmit_safe1.sol",0,1,"reentrancy-events|reentrancy-unlimited-gas",255,"FP",0.63
"08_MixedTransfer_safe1.sol",0,1,"reentrancy-unlimited-gas",255,"FP",0.65
"09_ERC20InheritMod_safe1.sol",0,0,"none",255,"TN",0.67
"09_ERC20Inherit_safe1.sol",0,0,"none",255,"TN",0.61
"09_ERC20Mod_safe1.sol",0,0,"none",255,"TN",0.67
"09_ERC20OnlyOnce_safe1.sol",0,1,"reentrancy-no-eth",255,"FP",0.61
"09_ERC20OnlyOnce_safe2.sol",0,0,"none",255,"TN",0.62
"09_ERC20StakingPullMod_safe1.sol",0,1,"reentrancy-no-eth",255,"FP",0.61
"09_ERC20StakingPull_safe1.sol",0,1,"reentrancy-events",255,"FP",0.68
"09_ERC20StakingPull_safe2.sol",0,0,"none",255,"TN",0.82
"09_ERC20Staking_safe1.sol",0,0,"none",255,"TN",0.64
"09_ERC20Staking_safe2.sol",0,0,"none",255,"TN",0.6
"09_ERC20Staking_safe3.sol",0,0,"none",255,"TN",0.64
"09_ERC20_safe1.sol",0,0,"none",255,"TN",0.76
"09_ERC20_safe2.sol",0,0,"none",255,"TN",0.6
"09_ERC20_safe3.sol",0,0,"none",255,"TN",0.6
"09_ERC20_safe4.sol",0,0,"none",255,"TN",0.63
"10_OnlyOnce_safe1.sol",0,1,"reentrancy-eth",255,"FP",0.56
"10_OnlyOnce_safe2.sol",0,1,"reentrancy-eth",255,"FP",0.59
"11_ProxyStaticcall_safe1.sol",0,0,"none",255,"TN",0.62
"11_Proxy_safe1.sol",0,0,"none",255,"TN",0.69
"11_Proxy_safe2.sol",0,0,"none",255,"TN",0.55
"12_OnlyOwner_safe1.sol",0,0,"none",255,"TN",0.58
"13_LoopCrossMod_safe1.sol",0,1,"reentrancy-eth",255,"FP",0.62
"13_LoopCrossMutex_safe1.sol",0,1,"reentrancy-eth",255,"FP",0.68
"13_LoopCrossMutex_safe2.sol",0,1,"reentrancy-eth",255,"FP",0.63
"13_Loop_safe1.sol",0,1,"reentrancy-eth",255,"FP",1.09
"14_ReadOnly_safe1.sol",0,0,"none",255,"TN",1.42
"15_ReadOnlyStaticcall_safe1.sol",0,0,"none",255,"TN",1.36
"15_ReadOnly_safe2.sol",0,1,"reentrancy-benign",255,"FP",1.14
"00_BasicConst_ree1.sol",1,1,"reentrancy-eth",255,"TP",1.38
"00_BasicCross_ree1.sol",1,1,"reentrancy-eth",255,"TP",1.65
"00_BasicEmit_ree1.sol",1,1,"reentrancy-eth|reentrancy-events",255,"TP",1.21
"00_BasicError_ree1.sol",1,1,"reentrancy-eth",255,"TP",1.04
"00_BasicFold_ree1.sol",1,1,"reentrancy-eth",255,"TP",0.96
"00_BasicFold_ree2.sol",1,1,"reentrancy-eth",255,"TP",0.65
"00_BasicNoChecks_ree1.sol",1,1,"reentrancy-eth",255,"TP",0.59
"00_BasicUnchecked_ree1.sol",1,1,"reentrancy-eth",255,"TP",0.58
"00_Basic_ree1.sol",1,1,"reentrancy-eth",255,"TP",0.56
"01_SingleMutexFoldUnderflow_ree1.sol",1,1,"reentrancy-eth",255,"TP",0.59
"01_SingleMutexFold_ree1.sol",1,1,"reentrancy-eth",255,"TP",0.57
"01_SingleMutexFold_ree2.sol",1,1,"reentrancy-eth",255,"TP",0.57
"01_SingleMutexFold_ree3.sol",1,1,"reentrancy-eth",255,"TP",0.58
"01_SingleMutex_ree1.sol",1,1,"reentrancy-benign|reentrancy-eth",255,"TP",0.58
"01_SingleMutex_ree2.sol",1,1,"reentrancy-eth",255,"TP",0.53
"02_CrossMutexUnchecked_ree1.sol",1,1,"reentrancy-eth",255,"TP",0.53
"02_CrossMutexUnderflow_ree1.sol",1,1,"reentrancy-eth",255,"TP",0.57
"02_CrossMutex_ree1.sol",1,1,"reentrancy-eth",255,"TP",0.54
"02_CrossMutex_ree2.sol",1,1,"reentrancy-benign|reentrancy-eth",255,"TP",0.51
"03_SingleModFoldUnderflow_ree1.sol",1,1,"reentrancy-eth",255,"TP",0.45
"03_SingleModFold_ree1.sol",1,1,"reentrancy-eth",255,"TP",0.59
"03_SingleModFold_ree2.sol",1,1,"reentrancy-eth",255,"TP",0.57
"03_SingleModFold_ree3.sol",1,1,"reentrancy-eth",255,"TP",0.53
"03_SingleModUnderflow_ree1.sol",1,1,"reentrancy-eth",255,"TP",0.58
"03_SingleMod_ree1.sol",1,1,"reentrancy-eth",255,"TP",0.61
"03_SingleMod_ree2.sol",1,1,"reentrancy-eth",255,"TP",0.55
"03_SingleMod_ree3.sol",1,1,"reentrancy-eth",255,"TP",0.53
"04_CrossModFold_ree1.sol",1,1,"reentrancy-eth",255,"TP",0.62
"04_CrossModFold_ree2.sol",1,1,"reentrancy-eth",255,"TP",0.55
"04_CrossModFold_ree3.sol",1,1,"reentrancy-eth",255,"TP",0.54
"04_CrossMod_ree1.sol",1,1,"reentrancy-eth",255,"TP",0.58
"04_CrossMod_ree2.sol",1,1,"reentrancy-eth",255,"TP",0.62
"04_CrossMod_ree3.sol",1,1,"reentrancy-eth",255,"TP",0.56
"04_CrossMod_ree4.sol",1,1,"reentrancy-eth",255,"TP",0.55
"04_CrossMod_ree5.sol",1,1,"reentrancy-eth",255,"TP",0.58
"07_MixedSendFoldEmit_ree1.sol",1,1,"reentrancy-eth|reentrancy-events|reentrancy-unlimited-gas",255,"TP",0.76
"07_MixedSendFold_ree1.sol",1,1,"reentrancy-eth|reentrancy-unlimited-gas",255,"TP",0.64
"07_MixedSend_ree1.sol",1,1,"reentrancy-eth|reentrancy-unlimited-gas",255,"TP",0.65
"08_MixedTransferEmit_ree1.sol",1,1,"reentrancy-eth|reentrancy-events|reentrancy-unlimited-gas",255,"TP",0.67
"08_MixedTransfer_ree1.sol",1,1,"reentrancy-eth|reentrancy-unlimited-gas",255,"TP",0.7
"09_ERC20InheritMod_ree1.sol",1,1,"reentrancy-no-eth",255,"TP",0.65
"09_ERC20InheritMod_ree2.sol",1,0,"none",255,"FN",0.75
"09_ERC20InheritMod_ree3.sol",1,0,"none",255,"FN",0.71
"09_ERC20Inherit_ree1.sol",1,1,"reentrancy-no-eth",255,"TP",0.66
"09_ERC20Mod_ree1.sol",1,1,"reentrancy-no-eth",255,"TP",0.65
"09_ERC20Mod_ree2.sol",1,0,"none",255,"FN",0.63
"09_ERC20Mod_ree3.sol",1,0,"none",255,"FN",0.57
"09_ERC20OnlyOnce_ree1.sol",1,1,"reentrancy-no-eth",255,"TP",0.56
"09_ERC20StakingPullMod_ree1.sol",1,1,"reentrancy-no-eth",255,"TP",0.67
"09_ERC20StakingPullMod_ree2.sol",1,1,"reentrancy-no-eth",255,"TP",0.63
"09_ERC20StakingPull_ree1.sol",1,1,"reentrancy-events|reentrancy-no-eth",255,"TP",0.63
"09_ERC20Staking_ree1.sol",1,1,"reentrancy-benign|reentrancy-events|reentrancy-no-eth",255,"TP",0.57
"09_ERC20Staking_ree2.sol",1,1,"reentrancy-benign|reentrancy-no-eth",255,"TP",0.59
"09_ERC20Staking_ree3.sol",1,1,"reentrancy-benign",255,"TP",0.81
"09_ERC20Staticcall_ree1.sol",1,1,"reentrancy-no-eth",255,"TP",0.61
"09_ERC20_ree1.sol",1,1,"reentrancy-no-eth",255,"TP",0.8
"09_ERC20_ree2.sol",1,1,"reentrancy-no-eth",255,"TP",0.86
"12_OnlyOwner_ree1.sol",1,1,"reentrancy-eth",255,"TP",1.72
"13_LoopCrossMod_ree1.sol",1,1,"reentrancy-eth",255,"TP",1.52
"13_LoopCrossMod_ree2.sol",1,1,"reentrancy-eth",255,"TP",1.56
"13_LoopCrossMod_ree3.sol",1,1,"reentrancy-eth",255,"TP",1.44
"13_LoopCrossMutex_ree1.sol",1,1,"reentrancy-eth",255,"TP",1.48
"13_Loop_ree1.sol",1,1,"reentrancy-eth",255,"TP",1.59
"15_ReadOnlyStaticcall_ree1.sol",1,1,"reentrancy-benign",255,"TP",1.4
"15_ReadOnly_ree1.sol",1,1,"reentrancy-benign",255,"TP",1.04
"15_ReadOnly_ree2.sol",1,1,"reentrancy-benign",255,"TP",1.09
