filename,solc_version,exit_status,duration_s,reentrancy,overflow,timestamp,tod
1.sol,0.4.26,N/A,0.94,-1,-1,-1,-1
1014.sol,0.4.26,FN,0.51,-1,-1,0,-1
10146.sol,0.4.26,TP,0.42,-1,-1,1,-1
1015.sol,0.4.26,TN,1.46,-1,-1,0,-1
10233.sol,0.4.26,FP,1.09,-1,-1,1,-1
10295.sol,0.4.26,FN,0.58,-1,-1,0,-1
10342.sol,0.4.26,FP,0.61,-1,-1,1,-1
10369.sol,0.4.26,TP,0.6,-1,-1,1,-1
10547.sol,0.4.26,FP,0.69,-1,-1,1,-1
1057.sol,0.4.26,TP,0.41,-1,-1,1,-1
10736.sol,0.4.26,TP,0.47,-1,-1,1,-1
10855.sol,0.4.26,FP,0.45,-1,-1,1,-1
10971.sol,0.4.26,N/A,0.84,-1,-1,-1,-1
11064.sol,0.4.26,TP,0.4,-1,-1,1,-1
1115.sol,0.4.26,FN,0.56,-1,-1,0,-1
11159.sol,0.4.26,TN,0.52,-1,-1,0,-1
11243.sol,0.4.26,FN,0.47,-1,-1,0,-1
11323.sol,0.4.26,FP,0.55,-1,-1,1,-1
11330.sol,0.4.26,FP,0.64,-1,-1,1,-1
11346.sol,0.4.26,TN,0.48,-1,-1,0,-1
11457.sol,0.4.26,TP,0.47,-1,-1,1,-1
11798.sol,0.4.26,TN,0.51,-1,-1,0,-1
1181.sol,0.4.26,FP,0.44,-1,-1,1,-1
1182.sol,0.4.26,TP,0.43,-1,-1,1,-1
1183.sol,0.4.26,FN,0.5,-1,-1,0,-1
11931.sol,0.4.26,FN,0.54,-1,-1,0,-1
11964.sol,0.4.26,FP,0.62,-1,-1,1,-1
12044.sol,0.4.26,FP,0.5,-1,-1,1,-1
12115.sol,0.4.26,FP,0.51,-1,-1,1,-1
1226.sol,0.4.26,TP,0.41,-1,-1,1,-1
12292.sol,0.4.26,TP,0.44,-1,-1,1,-1
12321.sol,0.4.26,FN,0.56,-1,-1,0,-1
12393.sol,0.4.26,FN,0.46,-1,-1,0,-1
124.sol,0.4.26,FP,0.44,-1,-1,1,-1
1246.sol,0.4.26,FP,0.58,-1,-1,1,-1
12460.sol,0.4.26,FP,0.56,-1,-1,1,-1
12465.sol,0.4.26,TP,0.42,-1,-1,1,-1
12466.sol,0.4.26,TP,0.47,-1,-1,1,-1
1256.sol,0.4.26,TN,0.57,-1,-1,0,-1
12688.sol,0.4.26,FP,0.61,-1,-1,1,-1
12689.sol,0.4.26,FP,0.49,-1,-1,1,-1
12715.sol,0.4.26,FP,0.52,-1,-1,1,-1
1284.sol,0.4.26,FN,0.43,-1,-1,0,-1
12841.sol,0.4.26,TP,0.49,-1,-1,1,-1
12856.sol,0.4.26,FP,0.62,-1,-1,1,-1
1288.sol,0.4.26,TP,0.5,-1,-1,1,-1
12894.sol,0.4.26,FN,0.45,-1,-1,0,-1
12898.sol,0.4.26,TP,0.59,-1,-1,1,-1
12919.sol,0.4.26,FN,0.55,-1,-1,0,-1
12998.sol,0.4.26,FN,0.47,-1,-1,0,-1
13069.sol,0.4.26,FP,0.54,-1,-1,1,-1
1313.sol,0.4.26,FP,0.59,-1,-1,1,-1
1318.sol,0.4.26,FN,0.43,-1,-1,0,-1
1319.sol,0.4.26,FN,0.59,-1,-1,0,-1
13283.sol,0.4.26,FP,0.72,-1,-1,1,-1
13293.sol,0.4.26,TP,0.52,-1,-1,1,-1
13371.sol,0.4.26,FN,0.51,-1,-1,0,-1
134.sol,0.4.26,TN,0.75,-1,-1,0,-1
13413.sol,0.4.26,FN,0.41,-1,-1,0,-1
135.sol,0.4.26,TN,0.68,-1,-1,0,-1
136.sol,0.4.26,FP,0.54,-1,-1,1,-1
13657.sol,0.4.26,TN,0.6,-1,-1,0,-1
137.sol,0.4.26,FP,0.6,-1,-1,1,-1
13723.sol,0.4.26,TP,0.55,-1,-1,1,-1
13780.sol,0.4.26,FN,0.56,-1,-1,0,-1
13993.sol,0.4.26,TP,0.58,-1,-1,1,-1
1404.sol,0.4.26,TP,0.52,-1,-1,1,-1
14284.sol,0.4.26,N/A,0.49,-1,-1,-1,-1
1430.sol,0.4.26,N/A,0.69,-1,-1,-1,-1
14351.sol,0.4.26,FP,0.57,-1,-1,1,-1
14353.sol,0.4.26,N/A,0.8,-1,-1,-1,-1
14381.sol,0.4.26,TN,0.52,-1,-1,0,-1
14439.sol,0.4.26,FP,0.59,-1,-1,1,-1
1445.sol,0.4.26,TP,0.5,-1,-1,1,-1
14620.sol,0.4.26,N/A,0.64,-1,-1,-1,-1
14634.sol,0.4.26,FP,0.45,-1,-1,1,-1
14711.sol,0.4.26,FN,0.53,-1,-1,0,-1
14872.sol,0.4.26,TP,0.45,-1,-1,1,-1
14928.sol,0.4.26,TP,0.5,-1,-1,1,-1
14994.sol,0.4.26,N/A,0.51,-1,-1,-1,-1
14997.sol,0.4.26,TN,0.56,-1,-1,0,-1
15.sol,0.4.26,FP,0.5,-1,-1,1,-1
15038.sol,0.4.26,TP,0.58,-1,-1,1,-1
1532.sol,0.4.26,FN,0.46,-1,-1,0,-1
1533.sol,0.4.26,FN,0.44,-1,-1,0,-1
15566.sol,0.4.26,FP,0.59,-1,-1,1,-1
15641.sol,0.4.26,TP,0.46,-1,-1,1,-1
15671.sol,0.4.26,FP,0.61,-1,-1,1,-1
15822.sol,0.4.26,TN,0.45,-1,-1,0,-1
15930.sol,0.4.26,TP,0.55,-1,-1,1,-1
16018.sol,0.4.26,FP,0.48,-1,-1,1,-1
1631.sol,0.4.26,FP,0.43,-1,-1,1,-1
16407.sol,0.4.26,TP,0.65,-1,-1,1,-1
16521.sol,0.4.26,FP,0.56,-1,-1,1,-1
16643.sol,0.4.26,N/A,0.87,-1,-1,-1,-1
1667.sol,0.4.26,FP,0.5,-1,-1,1,-1
1668.sol,0.4.26,FP,0.46,-1,-1,1,-1
169.sol,0.4.26,TP,0.5,-1,-1,1,-1
16925.sol,0.4.26,N/A,0.96,-1,-1,-1,-1
16957.sol,0.4.26,FP,0.49,-1,-1,1,-1
16979.sol,0.4.26,TP,0.46,-1,-1,1,-1
170.sol,0.4.26,TP,0.43,-1,-1,1,-1
17043.sol,0.4.26,N/A,0.99,-1,-1,-1,-1
17401.sol,0.4.26,FN,0.62,-1,-1,0,-1
176.sol,0.4.26,FP,0.5,-1,-1,1,-1
177.sol,0.4.26,FP,0.4,-1,-1,1,-1
17806.sol,0.4.26,TN,0.41,-1,-1,0,-1
17816.sol,0.4.26,TN,0.44,-1,-1,0,-1
17829.sol,0.4.26,N/A,0.92,-1,-1,-1,-1
1813.sol,0.4.26,FN,0.4,-1,-1,0,-1
1824.sol,0.4.26,FP,0.61,-1,-1,1,-1
1825.sol,0.4.26,FP,0.41,-1,-1,1,-1
18430.sol,0.4.26,FP,1.6,1,-1,-1,-1
18438.sol,0.4.26,TN,1.46,0,-1,-1,-1
18509.sol,0.4.26,N/A,0.45,1,-1,-1,-1
1851.sol,0.4.26,FP,0.51,-1,-1,1,-1
18510.sol,0.4.26,TP,0.8,1,-1,-1,-1
18771.sol,0.4.26,TN,1.44,0,-1,-1,-1
18975.sol,0.4.26,FN,0.49,-1,-1,0,-1
19128.sol,0.4.26,N/A,0.91,0,-1,-1,-1
19129.sol,0.4.26,TN,1.6,0,-1,-1,-1
19182.sol,0.4.26,FN,0.51,-1,-1,0,-1
19294.sol,0.4.26,TN,0.45,-1,-1,0,-1
1954.sol,0.4.26,TP,0.57,-1,-1,1,-1
19692.sol,0.4.26,TN,0.54,-1,-1,0,-1
19714.sol,0.4.26,TP,0.45,-1,-1,1,-1
19925.sol,0.4.26,N/A,0.43,0,-1,-1,-1
2.sol,0.4.26,N/A,0.52,-1,-1,-1,-1
2000.sol,0.4.26,N/A,0.9,-1,-1,-1,-1
20057.sol,0.4.26,TP,0.45,-1,-1,1,-1
20259.sol,0.4.26,TP,0.54,-1,-1,1,-1
2051.sol,0.4.26,FN,0.63,-1,-1,0,-1
20888.sol,0.4.26,TN,0.57,-1,-1,0,-1
20930.sol,0.4.26,FP,0.47,-1,-1,1,-1
211.sol,0.4.26,TP,0.5,-1,-1,1,-1
21162.sol,0.4.26,FP,0.48,-1,-1,1,-1
212.sol,0.4.26,TP,0.55,-1,-1,1,-1
21241.sol,0.4.26,N/A,0.52,0,-1,-1,-1
21393.sol,0.4.26,TP,0.6,-1,-1,1,-1
21404.sol,0.4.26,TP,0.58,-1,-1,1,-1
21697.sol,0.4.26,N/A,0.73,0,-1,-1,-1
21886.sol,0.4.26,TN,0.73,0,-1,-1,-1
21890.sol,0.4.26,FN,0.46,-1,-1,0,-1
22074.sol,0.4.26,N/A,0.53,0,-1,-1,-1
22075.sol,0.4.26,TN,0.75,0,-1,-1,-1
22155.sol,0.4.26,FP,0.56,-1,-1,1,-1
22247.sol,0.4.26,N/A,0.73,1,-1,-1,-1
22256.sol,0.4.26,FP,0.52,-1,-1,1,-1
22272.sol,0.4.26,FP,0.49,-1,-1,1,-1
22416.sol,0.4.26,N/A,0.64,1,-1,-1,-1
2252.sol,0.4.26,FN,0.48,-1,-1,0,-1
2253.sol,0.4.26,FN,0.51,-1,-1,0,-1
22635.sol,0.4.26,N/A,0.66,0,-1,-1,-1
22636.sol,0.4.26,TN,1.11,0,-1,-1,-1
22734.sol,0.4.26,TN,0.33,-1,-1,0,-1
2307.sol,0.4.26,N/A,0.72,-1,-1,-1,-1
2379.sol,0.4.26,TP,0.5,-1,-1,1,-1
23792.sol,0.4.26,N/A,0.52,0,-1,-1,-1
23793.sol,0.4.26,TN,0.77,0,-1,-1,-1
2397.sol,0.4.26,TN,0.52,-1,-1,0,-1
2399.sol,0.4.26,TP,0.45,-1,-1,1,-1
24161.sol,0.4.26,N/A,0.78,1,-1,-1,-1
24196.sol,0.4.26,TN,0.86,0,-1,-1,-1
24369.sol,0.4.26,TN,0.82,0,-1,-1,-1
24648.sol,0.4.26,N/A,0.62,0,-1,-1,-1
24649.sol,0.4.26,TN,0.77,0,-1,-1,-1
2563.sol,0.4.26,FN,0.42,-1,-1,0,-1
25808.sol,0.4.26,TN,0.93,0,-1,-1,-1
26188.sol,0.4.26,N/A,0.74,0,-1,-1,-1
26742.sol,0.4.26,N/A,1.17,1,-1,-1,-1
26743.sol,0.4.26,TP,0.7,1,-1,-1,-1
2688.sol,0.4.26,TP,0.52,-1,-1,1,-1
27121.sol,0.4.26,TN,1.48,0,-1,-1,-1
27159.sol,0.4.26,TN,1.07,0,-1,-1,-1
27164.sol,0.4.26,TN,0.74,0,-1,-1,-1
27263.sol,0.4.26,N/A,1.03,0,-1,-1,-1
27327.sol,0.4.26,TN,0.82,0,-1,-1,-1
27334.sol,0.4.26,TN,0.94,0,-1,-1,-1
27455.sol,0.4.26,FN,0.45,-1,-1,0,-1
27603.sol,0.4.26,TN,0.65,0,-1,-1,-1
2777.sol,0.4.26,TP,0.43,-1,-1,1,-1
28101.sol,0.4.26,TN,0.63,-1,-1,0,-1
28359.sol,0.4.26,TP,0.56,-1,-1,1,-1
28383.sol,0.4.26,FN,0.45,-1,-1,0,-1
28974.sol,0.4.26,TN,0.7,0,-1,-1,-1
29084.sol,0.4.26,FP,0.63,-1,-1,1,-1
29089.sol,0.4.26,N/A,0.59,1,-1,-1,-1
29090.sol,0.4.26,FP,0.71,1,-1,-1,-1
29130.sol,0.4.26,N/A,0.83,0,-1,-1,-1
29131.sol,0.4.26,TP,0.56,-1,-1,1,-1
29154.sol,0.4.26,TN,0.77,0,-1,-1,-1
29409.sol,0.4.26,FP,0.68,-1,-1,1,-1
29590.sol,0.4.26,TN,0.96,0,-1,-1,-1
29948.sol,0.4.26,TN,0.85,0,-1,-1,-1
29983.sol,0.4.26,TN,1.12,0,-1,-1,-1
3.sol,0.4.26,N/A,0.59,0,-1,-1,-1
30046.sol,0.4.26,TN,1.13,0,-1,-1,-1
30060.sol,0.4.26,TP,0.43,-1,-1,1,-1
30101.sol,0.4.26,N/A,1.03,0,-1,-1,-1
30102.sol,0.4.26,TN,0.97,0,-1,-1,-1
30254.sol,0.4.26,TN,0.81,0,-1,-1,-1
30255.sol,0.4.26,TN,0.94,0,-1,-1,-1
30337.sol,0.4.26,N/A,1.14,0,-1,-1,-1
30338.sol,0.4.26,TN,1.06,0,-1,-1,-1
30343.sol,0.4.26,FP,0.74,-1,-1,1,-1
30396.sol,0.4.26,TP,0.46,-1,-1,1,-1
30460.sol,0.4.26,TN,1.11,0,-1,-1,-1
30507.sol,0.4.26,TN,0.75,-1,-1,0,-1
30772.sol,0.4.26,FN,0.39,-1,-1,0,-1
30813.sol,0.4.26,FP,0.68,-1,-1,1,-1
30815.sol,0.4.26,FP,0.63,-1,-1,1,-1
30925.sol,0.4.26,TN,0.47,-1,-1,0,-1
30939.sol,0.4.26,TN,0.41,-1,-1,0,-1
30963.sol,0.4.26,TN,0.37,-1,-1,0,-1
30976.sol,0.4.26,TN,0.48,-1,-1,0,-1
31237.sol,0.4.26,TN,0.84,0,-1,-1,-1
31238.sol,0.4.26,TN,0.8,0,-1,-1,-1
31497.sol,0.4.26,N/A,0.8,0,-1,-1,-1
31551.sol,0.4.26,FP,0.43,-1,-1,1,-1
31565.sol,0.4.26,TN,0.7,0,-1,-1,-1
31758.sol,0.4.26,TP,0.54,-1,-1,1,-1
31759.sol,0.4.26,N/A,0.83,0,-1,-1,-1
318.sol,0.4.26,TP,0.61,-1,-1,1,-1
31812.sol,0.4.26,FN,0.52,-1,-1,0,-1
3185.sol,0.4.26,FP,0.45,-1,-1,1,-1
31867.sol,0.4.26,FP,0.44,-1,-1,1,-1
31892.sol,0.4.26,FP,0.6,-1,-1,1,-1
31999.sol,0.4.26,TP,0.52,-1,-1,1,-1
32007.sol,0.4.26,FN,0.54,-1,-1,0,-1
3211.sol,0.4.26,N/A,0.74,-1,-1,-1,-1
32175.sol,0.4.26,TP,0.59,-1,-1,1,-1
32522.sol,0.4.26,N/A,0.74,0,-1,-1,-1
3270.sol,0.4.26,N/A,0.83,-1,-1,-1,-1
33217.sol,0.4.26,TN,0.45,-1,-1,0,-1
33450.sol,0.4.26,TN,1.14,0,-1,-1,-1
33512.sol,0.4.26,TN,0.82,0,-1,-1,-1
33575.sol,0.4.26,FP,0.48,-1,-1,1,-1
33638.sol,0.4.26,TN,0.61,-1,-1,0,-1
33711.sol,0.4.26,TN,0.53,-1,-1,0,-1
339.sol,0.4.26,TP,0.52,-1,-1,1,-1
33974.sol,0.4.26,TN,0.49,-1,-1,0,-1
34068.sol,0.4.26,FP,0.49,-1,-1,1,-1
34272.sol,0.4.26,FP,0.51,-1,-1,1,-1
3434.sol,0.4.26,TP,0.54,-1,-1,1,-1
34432.sol,0.4.26,TN,0.72,0,-1,-1,-1
34442.sol,0.4.26,FP,0.52,-1,-1,1,-1
34526.sol,0.4.26,TN,1.06,0,-1,-1,-1
34575.sol,0.4.26,FP,0.49,-1,-1,1,-1
34668.sol,0.4.26,TN,0.93,0,-1,-1,-1
347.sol,0.4.26,FN,0.53,-1,-1,0,-1
34725.sol,0.4.26,FP,0.58,-1,-1,1,-1
34904.sol,0.4.26,TN,0.78,0,-1,-1,-1
34995.sol,0.4.26,TP,0.73,-1,-1,1,-1
35208.sol,0.4.26,TN,0.97,0,-1,-1,-1
35257.sol,0.4.26,TN,0.41,-1,-1,0,-1
35268.sol,0.4.26,FP,0.63,-1,-1,1,-1
35285.sol,0.4.26,FP,0.38,-1,-1,1,-1
35322.sol,0.4.26,FP,0.41,-1,-1,1,-1
35358.sol,0.4.26,FP,0.56,-1,-1,1,-1
3543.sol,0.4.26,TP,0.52,-1,-1,1,-1
3554.sol,0.4.26,TN,0.52,-1,-1,0,-1
3555.sol,0.4.26,TN,0.57,-1,-1,0,-1
35551.sol,0.4.26,FP,0.41,-1,-1,1,-1
35661.sol,0.4.26,N/A,0.79,0,-1,-1,-1
35662.sol,0.4.26,TN,0.96,0,-1,-1,-1
35713.sol,0.4.26,N/A,1.39,0,-1,-1,-1
35714.sol,0.4.26,TN,0.68,0,-1,-1,-1
35806.sol,0.4.26,N/A,0.6,0,-1,-1,-1
35807.sol,0.4.26,TN,1.27,0,-1,-1,-1
35878.sol,0.4.26,TN,1.01,0,-1,-1,-1
35897.sol,0.4.26,FP,0.54,-1,-1,1,-1
35951.sol,0.4.26,TN,0.96,0,-1,-1,-1
36451.sol,0.4.26,TN,0.44,-1,-1,0,-1
36456.sol,0.4.26,TN,0.82,0,-1,-1,-1
36481.sol,0.4.26,N/A,0.64,0,-1,-1,-1
3654.sol,0.4.26,FP,0.65,-1,-1,1,-1
36563.sol,0.4.26,TN,1.09,0,-1,-1,-1
36661.sol,0.4.26,TP,0.51,-1,-1,1,-1
36668.sol,0.4.26,TN,0.73,0,-1,-1,-1
36737.sol,0.4.26,FP,0.81,-1,-1,1,-1
36836.sol,0.4.26,TN,0.8,0,-1,-1,-1
36852.sol,0.4.26,TN,0.53,-1,-1,0,-1
37017.sol,0.4.26,FP,0.68,-1,-1,1,-1
3702.sol,0.4.26,FN,0.65,-1,-1,0,-1
37155.sol,0.4.26,TP,0.47,-1,-1,1,-1
37221.sol,0.4.26,FN,0.49,-1,-1,0,-1
37274.sol,0.4.26,TN,0.57,-1,-1,0,-1
3729.sol,0.4.26,FN,0.42,-1,-1,0,-1
37390.sol,0.4.26,TN,0.48,-1,-1,0,-1
37474.sol,0.4.26,TN,1.03,0,-1,-1,-1
37499.sol,0.4.26,TN,0.81,0,-1,-1,-1
37514.sol,0.4.26,FP,0.41,-1,-1,1,-1
37559.sol,0.4.26,TP,0.59,-1,-1,1,-1
37645.sol,0.4.26,TN,0.68,0,-1,-1,-1
37646.sol,0.4.26,TN,1.32,0,-1,-1,-1
37672.sol,0.4.26,TP,0.5,-1,-1,1,-1
37676.sol,0.4.26,TN,0.88,0,-1,-1,-1
37679.sol,0.4.26,TP,0.47,-1,-1,1,-1
37683.sol,0.4.26,FP,0.55,-1,-1,1,-1
37684.sol,0.4.26,FP,0.55,-1,-1,1,-1
37707.sol,0.4.26,N/A,0.61,1,-1,-1,-1
37708.sol,0.4.26,FP,0.79,1,-1,-1,-1
3772.sol,0.4.26,FP,0.49,-1,-1,1,-1
37836.sol,0.4.26,TN,1.0,0,-1,-1,-1
37891.sol,0.4.26,N/A,0.76,0,-1,-1,-1
37919.sol,0.4.26,TP,0.54,-1,-1,1,-1
37920.sol,0.4.26,TP,0.54,-1,-1,1,-1
38057.sol,0.4.26,N/A,0.63,0,-1,-1,-1
38096.sol,0.4.26,FP,0.4,-1,-1,1,-1
38239.sol,0.4.26,FP,0.45,-1,-1,1,-1
38250.sol,0.4.26,TN,0.7,0,-1,-1,-1
38392.sol,0.4.26,FN,0.62,-1,-1,0,-1
38420.sol,0.4.26,TN,0.7,0,-1,-1,-1
38421.sol,0.4.26,TN,0.57,-1,-1,0,-1
38543.sol,0.4.26,TN,0.95,0,-1,-1,-1
38651.sol,0.4.26,TN,0.81,0,-1,-1,-1
38684.sol,0.4.26,FN,0.44,-1,-1,0,-1
38709.sol,0.4.26,FP,0.52,-1,-1,1,-1
38727.sol,0.4.26,TN,0.44,-1,-1,0,-1
38828.sol,0.4.26,N/A,0.71,0,-1,-1,-1
38876.sol,0.4.26,N/A,1.06,0,-1,-1,-1
38888.sol,0.4.26,FP,0.48,0,-1,1,-1
38925.sol,0.4.26,FP,0.63,-1,-1,1,-1
38947.sol,0.4.26,FN,0.53,-1,-1,0,-1
38983.sol,0.4.26,TN,0.57,-1,-1,0,-1
39019.sol,0.4.26,N/A,0.65,1,-1,-1,-1
39032.sol,0.4.26,TN,0.85,0,-1,-1,-1
39091.sol,0.4.26,FP,0.48,-1,-1,1,-1
39095.sol,0.4.26,FP,0.52,-1,-1,1,-1
39114.sol,0.4.26,TN,0.46,-1,-1,0,-1
39151.sol,0.4.26,N/A,0.96,0,-1,-1,-1
39199.sol,0.4.26,N/A,0.89,0,-1,-1,-1
39248.sol,0.4.26,TN,0.95,0,-1,-1,-1
39268.sol,0.4.26,COMPILE_ERROR,0.83,0,-1,-1,-1
39269.sol,0.4.26,TP,0.87,1,-1,-1,-1
39327.sol,0.4.26,FP,0.79,1,-1,-1,-1
39341.sol,0.4.26,N/A,0.78,0,-1,-1,-1
39425.sol,0.4.26,FP,0.51,-1,-1,1,-1
3952.sol,0.4.26,FP,0.42,-1,-1,1,-1
39559.sol,0.4.26,FP,0.43,-1,-1,1,-1
39583.sol,0.4.26,TN,0.58,-1,-1,0,-1
39631.sol,0.4.26,TN,0.53,-1,-1,0,-1
39644.sol,0.4.26,N/A,0.87,0,-1,-1,-1
39664.sol,0.4.26,TN,0.79,0,-1,-1,-1
39684.sol,0.4.26,N/A,0.72,0,-1,-1,-1
39705.sol,0.4.26,N/A,0.85,0,-1,-1,-1
39715.sol,0.4.26,TP,0.54,-1,-1,1,-1
39749.sol,0.4.26,TN,0.82,0,-1,-1,-1
39750.sol,0.4.26,TN,0.88,0,-1,-1,-1
39777.sol,0.4.26,FP,1.0,1,-1,-1,-1
39778.sol,0.4.26,N/A,0.6,1,-1,-1,-1
39817.sol,0.4.26,N/A,0.81,0,-1,-1,-1
39845.sol,0.4.26,TN,0.39,-1,-1,0,-1
39866.sol,0.4.26,N/A,0.57,1,-1,-1,-1
39867.sol,0.4.26,FP,0.93,1,-1,-1,-1
39912.sol,0.4.26,TN,1.19,0,-1,-1,-1
39934.sol,0.4.26,TN,0.82,0,-1,-1,-1
4.sol,0.4.26,N/A,0.51,0,-1,-1,-1
400.sol,0.4.26,TP,0.5,-1,-1,1,-1
40005.sol,0.4.26,FN,0.47,-1,-1,0,-1
40059.sol,0.4.26,FN,0.49,-1,-1,0,-1
40089.sol,0.4.26,N/A,0.85,0,-1,-1,-1
40090.sol,0.4.26,TN,0.72,0,-1,-1,-1
40092.sol,0.4.26,N/A,0.56,0,-1,-1,-1
40154.sol,0.4.26,FP,0.41,-1,-1,1,-1
40155.sol,0.4.26,FP,0.62,-1,-1,1,-1
40203.sol,0.4.26,TN,0.87,0,-1,-1,-1
40239.sol,0.4.26,FN,0.52,-1,-1,0,-1
40242.sol,0.4.26,TN,0.8,0,-1,-1,-1
40249.sol,0.4.26,N/A,0.68,0,-1,-1,-1
40252.sol,0.4.26,FP,0.44,-1,-1,1,-1
40299.sol,0.4.26,TN,0.75,0,-1,-1,-1
40336.sol,0.4.26,N/A,0.62,0,-1,-1,-1
40340.sol,0.4.26,N/A,0.56,0,-1,-1,-1
40342.sol,0.4.26,TN,1.21,0,-1,-1,-1
40353.sol,0.4.26,N/A,0.65,0,-1,-1,-1
40357.sol,0.4.26,TN,0.85,0,-1,-1,-1
40366.sol,0.4.26,N/A,0.94,0,-1,-1,-1
40413.sol,0.4.26,N/A,0.98,0,-1,-1,-1
40415.sol,0.4.26,N/A,0.55,1,-1,-1,-1
40419.sol,0.4.26,FP,0.46,-1,-1,1,-1
40425.sol,0.4.26,N/A,0.73,0,-1,-1,-1
40451.sol,0.4.26,TP,0.76,-1,-1,1,-1
40497.sol,0.4.26,TN,0.37,-1,-1,0,-1
40499.sol,0.4.26,N/A,0.58,1,-1,-1,-1
40500.sol,0.4.26,N/A,0.83,0,-1,-1,-1
40535.sol,0.4.26,TN,0.47,-1,-1,0,-1
40539.sol,0.4.26,FP,0.47,-1,-1,1,-1
40587.sol,0.4.26,TN,0.46,-1,-1,0,-1
40611.sol,0.4.26,TP,0.4,-1,-1,1,-1
40665.sol,0.4.26,TN,0.5,-1,-1,0,-1
40720.sol,0.4.26,TN,0.75,0,-1,-1,-1
40726.sol,0.4.26,TP,0.48,-1,-1,1,-1
40727.sol,0.4.26,TP,0.71,-1,-1,1,-1
40732.sol,0.4.26,N/A,1.01,1,-1,-1,-1
40733.sol,0.4.26,FN,0.63,0,-1,0,-1
40734.sol,0.4.26,TN,1.21,0,-1,-1,-1
40735.sol,0.4.26,TN,0.68,1,-1,0,-1
40736.sol,0.4.26,TP,0.38,1,-1,1,-1
40737.sol,0.4.26,FP,0.53,0,-1,1,-1
40738.sol,0.4.26,TP,0.46,-1,-1,1,-1
40739.sol,0.4.26,FP,0.46,-1,-1,1,-1
40740.sol,0.4.26,FP,0.49,-1,-1,1,-1
40741.sol,0.4.26,FP,0.53,0,-1,1,-1
40742.sol,0.4.26,TN,0.69,1,-1,0,-1
40743.sol,0.4.26,FP,0.76,-1,-1,1,-1
40744.sol,0.4.26,FP,0.53,-1,-1,1,-1
40745.sol,0.4.26,TP,0.45,1,-1,1,-1
40746.sol,0.4.26,TP,0.59,1,-1,1,-1
40747.sol,0.4.26,FP,0.57,1,-1,1,-1
40748.sol,0.4.26,FN,0.58,1,-1,0,-1
40749.sol,0.4.26,N/A,1.09,1,-1,-1,-1
40750.sol,0.4.26,FN,0.45,0,-1,0,-1
40751.sol,0.4.26,TP,0.46,0,-1,1,-1
40752.sol,0.4.26,TN,1.01,0,-1,-1,-1
40753.sol,0.4.26,FN,0.65,1,-1,0,-1
40754.sol,0.4.26,TP,0.53,1,-1,1,-1
40755.sol,0.4.26,TP,0.52,1,-1,1,-1
40756.sol,0.4.26,FP,0.41,1,-1,1,-1
40757.sol,0.4.26,FN,0.47,1,-1,0,-1
40758.sol,0.4.26,TP,0.76,1,-1,-1,-1
40759.sol,0.4.26,TN,0.73,0,-1,-1,-1
40760.sol,0.4.26,N/A,1.08,0,-1,-1,-1
40761.sol,0.4.26,TP,0.98,1,-1,-1,-1
40762.sol,0.4.26,TP,0.94,1,-1,-1,-1
40763.sol,0.4.26,TN,0.75,0,-1,-1,-1
40764.sol,0.4.26,TP,0.81,1,-1,-1,-1
40765.sol,0.4.26,TP,0.84,1,-1,-1,-1
40766.sol,0.4.26,TN,1.17,0,-1,-1,-1
40768.sol,0.4.26,N/A,0.72,0,-1,-1,-1
40770.sol,0.4.26,N/A,0.49,1,-1,-1,-1
40771.sol,0.4.26,TN,0.63,0,-1,-1,-1
40772.sol,0.4.26,TP,1.04,1,-1,-1,-1
40774.sol,0.4.26,TN,0.88,0,-1,-1,-1
40775.sol,0.4.26,TP,0.74,1,-1,-1,-1
40776.sol,0.4.26,TP,0.77,1,-1,-1,-1
40777.sol,0.4.26,TP,0.88,1,-1,-1,-1
40778.sol,0.4.26,TN,1.14,0,-1,-1,-1
40779.sol,0.4.26,TP,1.32,1,-1,-1,-1
40780.sol,0.4.26,N/A,0.48,1,-1,-1,-1
40781.sol,0.4.26,TP,0.82,1,-1,-1,-1
40782.sol,0.4.26,TN,0.77,0,-1,-1,-1
40783.sol,0.4.26,TN,0.99,0,-1,-1,-1
40784.sol,0.4.26,TP,1.01,1,-1,-1,-1
40785.sol,0.4.26,TP,1.03,1,-1,-1,-1
40786.sol,0.4.26,TN,0.88,0,-1,-1,-1
40787.sol,0.4.26,TP,0.88,1,-1,-1,-1
40788.sol,0.4.26,TN,0.81,0,-1,-1,-1
40789.sol,0.4.26,TP,0.71,1,-1,-1,-1
419.sol,0.4.26,FP,0.44,-1,-1,1,-1
42.sol,0.4.26,FP,0.45,-1,-1,1,-1
4225.sol,0.4.26,FN,0.47,-1,-1,0,-1
44.sol,0.4.26,TP,0.52,-1,-1,1,-1
4467.sol,0.4.26,TP,0.53,-1,-1,1,-1
4474.sol,0.4.26,TP,0.49,-1,-1,1,-1
4523.sol,0.4.26,TP,0.57,-1,-1,1,-1
4524.sol,0.4.26,TP,0.61,-1,-1,1,-1
4587.sol,0.4.26,TN,0.63,-1,-1,0,-1
4588.sol,0.4.26,TN,0.5,-1,-1,0,-1
4590.sol,0.4.26,TP,0.51,-1,-1,1,-1
4598.sol,0.4.26,N/A,0.75,-1,-1,-1,-1
4717.sol,0.4.26,FP,0.57,-1,-1,1,-1
4832.sol,0.4.26,N/A,0.5,-1,-1,-1,-1
4882.sol,0.4.26,FP,0.5,-1,-1,1,-1
4922.sol,0.4.26,TN,0.57,-1,-1,0,-1
4926.sol,0.4.26,TP,0.52,-1,-1,1,-1
496.sol,0.4.26,FP,0.44,-1,-1,1,-1
49728.sol,0.4.26,TP,0.61,-1,-1,1,-1
4993.sol,0.4.26,FP,0.54,-1,-1,1,-1
5.sol,0.4.26,N/A,0.47,-1,-1,-1,-1
50000.sol,0.4.26,N/A,0.74,0,-1,-1,-1
50001.sol,0.4.26,FP,0.49,0,-1,1,-1
50002.sol,0.4.26,N/A,0.54,1,-1,-1,-1
50003.sol,0.4.26,TP,0.77,1,-1,-1,-1
50005.sol,0.4.26,TP,1.16,1,-1,-1,-1
50006.sol,0.4.26,TP,1.01,1,-1,-1,-1
50007.sol,0.4.26,N/A,0.54,1,-1,-1,-1
50008.sol,0.4.26,TP,0.7,1,-1,-1,-1
50009.sol,0.4.26,TP,0.93,1,-1,-1,-1
50010.sol,0.4.26,N/A,0.54,1,-1,-1,-1
50011.sol,0.4.26,TP,0.77,1,-1,-1,-1
50013.sol,0.4.26,N/A,0.76,1,-1,-1,-1
50014.sol,0.4.26,N/A,0.55,1,-1,-1,-1
50015.sol,0.4.26,N/A,0.7,1,-1,-1,-1
50016.sol,0.4.26,TP,1.18,1,-1,-1,-1
50017.sol,0.4.26,TP,0.67,1,-1,-1,-1
50018.sol,0.4.26,TP,0.78,1,-1,-1,-1
50019.sol,0.4.26,TP,1.0,1,-1,-1,-1
50020.sol,0.4.26,TP,0.69,1,-1,-1,-1
50021.sol,0.4.26,N/A,0.86,1,-1,-1,-1
50022.sol,0.4.26,TP,1.28,1,-1,-1,-1
50023.sol,0.4.26,TP,1.01,1,-1,-1,-1
50024.sol,0.4.26,TP,0.8,1,-1,-1,-1
50025.sol,0.4.26,TP,0.77,1,-1,-1,-1
50026.sol,0.4.26,N/A,0.86,1,-1,-1,-1
50027.sol,0.4.26,N/A,0.76,0,-1,-1,-1
50028.sol,0.4.26,TN,0.82,0,-1,-1,-1
50029.sol,0.4.26,TN,0.81,0,-1,-1,-1
50030.sol,0.4.26,N/A,0.65,1,-1,-1,-1
50031.sol,0.4.26,FP,1.0,1,-1,-1,-1
50032.sol,0.4.26,FP,1.1,1,-1,-1,-1
50033.sol,0.4.26,TN,1.07,0,-1,-1,-1
50034.sol,0.4.26,TN,0.96,0,-1,-1,-1
50035.sol,0.4.26,FP,0.97,1,-1,-1,-1
50036.sol,0.4.26,N/A,0.59,1,-1,-1,-1
50062.sol,0.4.26,TP,0.66,-1,-1,1,-1
50063.sol,0.4.26,TP,0.52,-1,-1,1,-1
50215.sol,0.4.26,TP,0.52,-1,-1,1,-1
50216.sol,0.4.26,TP,0.55,-1,-1,1,-1
50217.sol,0.4.26,TP,0.5,-1,-1,1,-1
50219.sol,0.4.26,FN,0.4,-1,-1,0,-1
50221.sol,0.4.26,FP,0.5,-1,-1,1,-1
50222.sol,0.4.26,TP,0.46,-1,-1,1,-1
50330.sol,0.4.26,N/A,0.89,-1,-1,-1,-1
50331.sol,0.4.26,N/A,1.08,-1,-1,-1,-1
50336.sol,0.4.26,N/A,1.45,-1,-1,-1,-1
50337.sol,0.4.26,N/A,1.52,-1,-1,-1,-1
50338.sol,0.4.26,N/A,1.44,-1,-1,-1,-1
50339.sol,0.4.26,N/A,1.17,-1,-1,-1,-1
50440.sol,0.4.26,N/A,1.22,-1,-1,-1,-1
50441.sol,0.4.26,N/A,1.33,-1,-1,-1,-1
50442.sol,0.4.26,N/A,1.16,-1,-1,-1,-1
50444.sol,0.4.26,N/A,0.94,-1,-1,-1,-1
50445.sol,0.4.26,N/A,0.83,-1,-1,-1,-1
50446.sol,0.4.26,N/A,0.62,-1,-1,-1,-1
50447.sol,0.4.26,N/A,0.68,-1,-1,-1,-1
50449.sol,0.4.26,N/A,0.64,-1,-1,-1,-1
50550.sol,0.4.26,N/A,0.98,-1,-1,-1,-1
50551.sol,0.4.26,N/A,0.69,-1,-1,-1,-1
50553.sol,0.4.26,N/A,0.64,-1,-1,-1,-1
50554.sol,0.4.26,N/A,0.81,-1,-1,-1,-1
50555.sol,0.4.26,N/A,0.69,-1,-1,-1,-1
50557.sol,0.4.26,N/A,0.66,-1,-1,-1,-1
50558.sol,0.4.26,N/A,0.63,-1,-1,-1,-1
50559.sol,0.4.26,N/A,0.65,-1,-1,-1,-1
50660.sol,0.4.26,N/A,0.86,-1,-1,-1,-1
50661.sol,0.4.26,N/A,0.85,-1,-1,-1,-1
50662.sol,0.4.26,N/A,0.73,-1,-1,-1,-1
50663.sol,0.4.26,N/A,0.73,-1,-1,-1,-1
50664.sol,0.4.26,N/A,0.93,-1,-1,-1,-1
50665.sol,0.4.26,N/A,0.67,-1,-1,-1,-1
50666.sol,0.4.26,N/A,0.64,-1,-1,-1,-1
50668.sol,0.4.26,N/A,0.62,-1,-1,-1,-1
50669.sol,0.4.26,N/A,0.79,-1,-1,-1,-1
50770.sol,0.4.26,N/A,0.72,-1,-1,-1,-1
50771.sol,0.4.26,N/A,0.7,-1,-1,-1,-1
50773.sol,0.4.26,N/A,0.75,-1,-1,-1,-1
50774.sol,0.4.26,N/A,0.73,-1,-1,-1,-1
50775.sol,0.4.26,N/A,0.88,-1,-1,-1,-1
50776.sol,0.4.26,N/A,1.01,-1,-1,-1,-1
50777.sol,0.4.26,N/A,1.12,-1,-1,-1,-1
50778.sol,0.4.26,N/A,1.2,-1,-1,-1,-1
50779.sol,0.4.26,N/A,1.29,-1,-1,-1,-1
50780.sol,0.4.26,N/A,0.96,-1,-1,-1,-1
50781.sol,0.4.26,N/A,0.68,-1,-1,-1,-1
50782.sol,0.4.26,N/A,0.68,-1,-1,-1,-1
50783.sol,0.4.26,N/A,0.69,-1,-1,-1,-1
50784.sol,0.4.26,N/A,0.64,-1,-1,-1,-1
50785.sol,0.4.26,N/A,0.61,-1,-1,-1,-1
50786.sol,0.4.26,N/A,0.71,-1,-1,-1,-1
50787.sol,0.4.26,N/A,0.83,-1,-1,-1,-1
50788.sol,0.4.26,N/A,0.61,-1,-1,-1,-1
50789.sol,0.4.26,N/A,0.69,-1,-1,-1,-1
50791.sol,0.4.26,N/A,0.75,-1,-1,-1,-1
50792.sol,0.4.26,N/A,0.86,-1,-1,-1,-1
50793.sol,0.4.26,N/A,0.78,-1,-1,-1,-1
50794.sol,0.4.26,N/A,0.61,-1,-1,-1,-1
50795.sol,0.4.26,N/A,0.6,-1,-1,-1,-1
50798.sol,0.4.26,N/A,0.69,-1,-1,-1,-1
50799.sol,0.4.26,N/A,0.67,-1,-1,-1,-1
5132.sol,0.4.26,FP,0.54,-1,-1,1,-1
5142.sol,0.4.26,TP,0.57,-1,-1,1,-1
5143.sol,0.4.26,TP,0.6,-1,-1,1,-1
5164.sol,0.4.26,TP,0.46,-1,-1,1,-1
5259.sol,0.4.26,FP,0.47,-1,-1,1,-1
5339.sol,0.4.26,TP,0.45,-1,-1,1,-1
538.sol,0.4.26,TP,0.53,-1,-1,1,-1
5629.sol,0.4.26,N/A,0.62,-1,-1,-1,-1
578.sol,0.4.26,FP,0.52,-1,-1,1,-1
5934.sol,0.4.26,TP,0.62,-1,-1,1,-1
595.sol,0.4.26,TP,0.54,-1,-1,1,-1
5975.sol,0.4.26,FN,0.4,-1,-1,0,-1
6149.sol,0.4.26,TN,0.47,-1,-1,0,-1
6192.sol,0.4.26,N/A,0.52,-1,-1,-1,-1
6199.sol,0.4.26,TN,0.64,-1,-1,0,-1
6220.sol,0.4.26,TP,0.56,-1,-1,1,-1
625.sol,0.4.26,TP,0.57,-1,-1,1,-1
626.sol,0.4.26,TP,0.56,-1,-1,1,-1
6272.sol,0.4.26,TN,0.52,-1,-1,0,-1
6348.sol,0.4.26,TN,0.48,-1,-1,0,-1
6369.sol,0.4.26,TP,0.48,-1,-1,1,-1
649.sol,0.4.26,TP,0.52,-1,-1,1,-1
650.sol,0.4.26,FP,0.45,-1,-1,1,-1
6534.sol,0.4.26,FP,0.49,-1,-1,1,-1
6578.sol,0.4.26,TP,0.64,-1,-1,1,-1
6603.sol,0.4.26,N/A,1.27,-1,-1,-1,-1
6606.sol,0.4.26,N/A,1.37,-1,-1,-1,-1
666.sol,0.4.26,FN,0.49,-1,-1,0,-1
6929.sol,0.4.26,TP,0.58,-1,-1,1,-1
711.sol,0.4.26,TN,0.47,-1,-1,0,-1
7134.sol,0.4.26,TP,0.44,-1,-1,1,-1
7330.sol,0.4.26,TP,0.51,-1,-1,1,-1
737.sol,0.4.26,FP,0.45,-1,-1,1,-1
738.sol,0.4.26,FP,0.57,-1,-1,1,-1
739.sol,0.4.26,TP,0.48,-1,-1,1,-1
740.sol,0.4.26,FP,0.55,-1,-1,1,-1
7419.sol,0.4.26,FN,0.55,-1,-1,0,-1
7570.sol,0.4.26,TP,0.39,-1,-1,1,-1
7593.sol,0.4.26,TP,0.49,-1,-1,1,-1
797.sol,0.4.26,TP,0.58,-1,-1,1,-1
798.sol,0.4.26,FP,0.42,-1,-1,1,-1
8025.sol,0.4.26,FP,0.49,-1,-1,1,-1
8026.sol,0.4.26,FP,0.42,-1,-1,1,-1
8099.sol,0.4.26,TN,0.53,-1,-1,0,-1
8141.sol,0.4.26,TN,0.5,-1,-1,0,-1
8342.sol,0.4.26,FN,0.47,-1,-1,0,-1
84.sol,0.4.26,TP,0.59,-1,-1,1,-1
8606.sol,0.4.26,FN,0.52,-1,-1,0,-1
8826.sol,0.4.26,FP,0.49,-1,-1,1,-1
883.sol,0.4.26,FN,0.39,-1,-1,0,-1
8872.sol,0.4.26,N/A,0.57,-1,-1,-1,-1
911.sol,0.4.26,FN,0.38,-1,-1,0,-1
9208.sol,0.4.26,TP,0.53,-1,-1,1,-1
9230.sol,0.4.26,FN,0.5,-1,-1,0,-1
9377.sol,0.4.26,TP,0.52,-1,-1,1,-1
9379.sol,0.4.26,TP,0.54,-1,-1,1,-1
9428.sol,0.4.26,FP,0.55,-1,-1,1,-1
948.sol,0.4.26,FN,0.5,-1,-1,0,-1
9560.sol,0.4.26,FP,0.56,-1,-1,1,-1
9654.sol,0.4.26,FN,0.69,-1,-1,0,-1
9820.sol,0.4.26,TN,0.44,-1,-1,0,-1
9850.sol,0.4.26,FN,0.45,-1,-1,0,-1
9918.sol,0.4.26,FN,0.47,-1,-1,0,-1
