dataset,relpath,pragma,want_version,solc_used,fallback,exit_code,coverage_pct,reentrancy,timestamp,tod,int_overflow,int_underflow,callstack,global_timeout_hit,duration_s
rsd,"rsd/reentrancy/safe/00_BasicError_safe1.sol",^0.8.20,0.8.20,0.8.20,floor,1,69.6,True,False,False,True,True,False,no,1.19
rsd,"rsd/reentrancy/safe/00_BasicInline_safe1.sol",^0.8.20,0.8.20,0.8.20,floor,0,64.8,False,False,False,True,True,False,no,38.77
rsd,"rsd/reentrancy/safe/00_Basic_safe1.sol",^0.8.20,0.8.20,0.8.20,floor,1,82.3,True,False,False,True,True,False,no,1.35
rsd,"rsd/reentrancy/safe/01_SingleMutex_safe2.sol",^0.8.20,0.8.20,0.8.20,floor,1,83.5,True,False,False,True,True,True,no,102.17
rsd,"rsd/reentrancy/safe/02_CrossMutexUnchecked_safe1.sol",^0.8.20,0.8.20,0.8.20,floor,1,84.7,True,False,False,True,True,True,no,178.54
rsd,"rsd/reentrancy/safe/03_SingleModFoldUnderflow_safe1.sol",^0.8.20,0.8.20,0.8.20,floor,1,81.2,True,False,False,True,True,True,no,119.13
rsd,"rsd/reentrancy/safe/03_SingleModUnderflow_safe1.sol",^0.8.20,0.8.20,0.8.20,floor,1,72.0,True,False,False,True,True,True,no,84.32
rsd,"rsd/reentrancy/safe/04_CrossMod_safe1.sol",^0.8.20,0.8.20,0.8.20,floor,1,74.8,True,False,False,True,True,True,no,131.98
rsd,"rsd/reentrancy/safe/05_SendEmit_safe1.sol",^0.8.20,0.8.20,0.8.20,floor,1,80.9,False,False,False,True,True,True,no,1.38
rsd,"rsd/reentrancy/safe/05_Send_safe2.sol",^0.8.20,0.8.20,0.8.20,floor,1,89.9,False,False,False,True,True,True,no,1.21
rsd,"rsd/reentrancy/safe/06_Transfer_safe1.sol",^0.8.20,0.8.20,0.8.20,floor,0,89.2,False,False,False,True,True,False,no,1.22
rsd,"rsd/reentrancy/safe/06_TransferUnchecked_safe2.sol",^0.8.20,0.8.20,0.8.20,floor,0,89.2,False,False,False,True,True,False,no,1.19
rsd,"rsd/reentrancy/safe/07_MixedSend_safe1.sol",^0.8.20,0.8.20,0.8.20,floor,1,75.7,False,False,True,True,True,True,no,1.46
rsd,"rsd/reentrancy/safe/09_ERC20InheritMod_safe1.sol",^0.8.20,0.8.20,0.8.20,floor,0,62.4,False,False,False,True,True,False,no,282.65
rsd,"rsd/reentrancy/safe/09_ERC20OnlyOnce_safe1.sol",^0.8.20,0.8.20,0.8.20,floor,0,33.8,False,False,False,False,False,False,no,41.83
rsd,"rsd/reentrancy/safe/09_ERC20_safe2.sol",^0.8.20,0.8.20,0.8.20,floor,0,5.5,False,False,False,True,False,False,no,93.87
rsd,"rsd/reentrancy/safe/09_ERC20StakingPullMod_safe1.sol",^0.8.20,0.8.20,0.8.20,floor,0,75.7,False,False,False,True,True,False,no,25.09
rsd,"rsd/reentrancy/safe/09_ERC20Staking_safe1.sol",^0.8.20,0.8.20,0.8.20,floor,0,89.6,False,False,False,True,True,False,no,7.17
rsd,"rsd/reentrancy/safe/10_OnlyOnce_safe1.sol",^0.8.20,0.8.20,0.8.20,floor,1,74.1,False,False,False,True,True,True,no,78.71
rsd,"rsd/reentrancy/safe/11_Proxy_safe2.sol",^0.8.20,0.8.20,0.8.20,floor,1,77.7,True,False,True,True,True,False,no,2.45
rsd,"rsd/reentrancy/safe/13_Loop_safe1.sol",^0.8.20,0.8.20,0.8.20,floor,1,62.9,False,False,True,True,True,True,no,306.90
rsd,"rsd/reentrancy/vulnerable/00_BasicEmit_ree1.sol",^0.8.20,0.8.20,0.8.20,floor,1,83.1,True,False,False,True,True,True,no,1.62
rsd,"rsd/reentrancy/vulnerable/00_BasicFold_ree2.sol",^0.8.20,0.8.20,0.8.20,floor,1,82.6,True,False,False,True,True,True,no,1.40
rsd,"rsd/reentrancy/vulnerable/00_Basic_ree1.sol",^0.8.20,0.8.20,0.8.20,floor,1,82.3,True,False,False,True,True,True,no,1.46
rsd,"rsd/reentrancy/vulnerable/01_SingleMutex_ree1.sol",^0.8.20,0.8.20,0.8.20,floor,1,80.6,True,False,False,True,True,True,no,21.57
rsd,"rsd/reentrancy/vulnerable/02_CrossMutex_ree2.sol",^0.8.20,0.8.20,0.8.20,floor,1,78.2,True,False,False,True,True,True,no,74.17
rsd,"rsd/reentrancy/vulnerable/03_SingleModFold_ree1.sol",^0.8.20,0.8.20,0.8.20,floor,1,84.2,True,False,False,True,True,True,no,2.69
rsd,"rsd/reentrancy/vulnerable/03_SingleModFoldUnderflow_ree1.sol",^0.8.20,0.8.20,0.8.20,floor,1,82.8,True,False,False,True,True,True,no,92.20
rsd,"rsd/reentrancy/vulnerable/03_SingleMod_ree3.sol",^0.8.20,0.8.20,0.8.20,floor,1,77.1,True,False,False,True,True,True,no,64.99
rsd,"rsd/reentrancy/vulnerable/04_CrossModFold_ree2.sol",^0.8.20,0.8.20,0.8.20,floor,1,86.1,True,False,False,True,True,True,no,21.95
rsd,"rsd/reentrancy/vulnerable/04_CrossMod_ree2.sol",^0.8.20,0.8.20,0.8.20,floor,1,88.0,True,False,False,True,True,True,no,63.75
rsd,"rsd/reentrancy/vulnerable/04_CrossMod_ree5.sol",^0.8.20,0.8.20,0.8.20,floor,1,73.7,True,False,False,True,True,True,no,96.94
rsd,"rsd/reentrancy/vulnerable/07_MixedSend_ree1.sol",^0.8.20,0.8.20,0.8.20,floor,1,75.7,False,False,True,True,True,True,no,1.34
rsd,"rsd/reentrancy/vulnerable/09_ERC20InheritMod_ree1.sol",^0.8.20,0.8.20,0.8.20,floor,0,91.6,False,False,False,True,True,False,no,159.48
rsd,"rsd/reentrancy/vulnerable/09_ERC20Inherit_ree1.sol",^0.8.20,0.8.20,0.8.20,floor,0,91.6,False,False,False,True,True,False,no,174.82
rsd,"rsd/reentrancy/vulnerable/09_ERC20Mod_ree3.sol",^0.8.20,0.8.20,0.8.20,floor,0,70.4,False,False,False,True,True,False,no,55.62
rsd,"rsd/reentrancy/vulnerable/09_ERC20_ree2.sol",^0.8.20,0.8.20,0.8.20,floor,0,91.6,False,False,False,False,True,False,no,1.86
rsd,"rsd/reentrancy/vulnerable/09_ERC20StakingPull_ree1.sol",^0.8.20,0.8.20,0.8.20,floor,1,95.2,False,False,True,False,True,False,no,23.42
rsd,"rsd/reentrancy/vulnerable/09_ERC20Staking_ree3.sol",^0.8.20,0.8.20,0.8.20,floor,0,94.7,False,False,False,False,True,False,no,2.86
rsd,"rsd/reentrancy/vulnerable/13_LoopCrossMod_ree1.sol",^0.8.20,0.8.20,0.8.20,floor,1,55.7,True,False,True,True,True,True,no,302.67
rsd,"rsd/reentrancy/vulnerable/14_DelegateCall_ree2.sol",^0.8.20,0.8.20,0.8.20,floor,0,75.7,False,False,False,True,True,False,no,300.96
rsd,"rsd/reentrancy/vulnerable/15_ReadOnly_ree1.sol",^0.8.20,0.8.20,0.8.20,floor,1,61.2,False,False,False,False,True,True,no,35.47
rsd,"rsd/reentrancy/safe/00_BasicConst_safe1.sol",^0.8.20,0.8.20,0.8.20,floor,1,82.5,True,False,False,True,True,False,no,6.20
rsd,"rsd/reentrancy/safe/00_BasicFold_safe1.sol",^0.8.20,0.8.20,0.8.20,floor,1,82.5,True,False,False,True,True,False,no,1.35
rsd,"rsd/reentrancy/safe/00_BasicNoCall_safe1.sol",^0.8.20,0.8.20,0.8.20,floor,0,89.3,False,False,False,True,True,False,no,1.19
rsd,"rsd/reentrancy/safe/00_BasicStaticcall_safe1.sol",^0.8.20,0.8.20,0.8.20,floor,0,92.3,False,False,False,True,True,False,no,1.92
rsd,"rsd/reentrancy/safe/01_SingleMutexFoldUnderflow_safe1.sol",^0.8.20,0.8.20,0.8.20,floor,1,83.3,True,False,False,True,True,True,no,59.42
rsd,"rsd/reentrancy/safe/02_CrossMutex_safe1.sol",^0.8.20,0.8.20,0.8.20,floor,1,86.0,True,False,False,True,True,True,no,150.45
rsd,"rsd/reentrancy/safe/02_CrossMutexUnderflow_safe1.sol",^0.8.20,0.8.20,0.8.20,floor,1,81.0,True,False,False,True,True,True,no,124.52
rsd,"rsd/reentrancy/safe/03_SingleMod_safe1.sol",^0.8.20,0.8.20,0.8.20,floor,1,84.8,True,False,False,True,True,True,no,133.07
rsd,"rsd/reentrancy/safe/04_CrossModFold_safe1.sol",^0.8.20,0.8.20,0.8.20,floor,1,88.2,True,False,False,True,True,True,no,203.37
rsd,"rsd/reentrancy/safe/04_CrossMod_safe2.sol",^0.8.20,0.8.20,0.8.20,floor,1,70.6,True,False,False,True,True,True,no,126.60
rsd,"rsd/reentrancy/safe/05_SendEmitUnchecked_safe1.sol",^0.8.20,0.8.20,0.8.20,floor,1,80.9,False,False,False,True,True,True,no,1.35
rsd,"rsd/reentrancy/safe/05_Send_safe3.sol",^0.8.20,0.8.20,0.8.20,floor,0,79.8,False,False,False,True,True,False,no,1.15
rsd,"rsd/reentrancy/safe/06_Transfer_safe2.sol",^0.8.20,0.8.20,0.8.20,floor,0,89.2,False,False,False,True,True,False,no,1.16
rsd,"rsd/reentrancy/safe/07_MixedSendFoldEmit_safe1.sol",^0.8.20,0.8.20,0.8.20,floor,1,77.3,False,False,True,True,True,True,no,1.83
rsd,"rsd/reentrancy/safe/08_MixedTransferEmit_safe1.sol",^0.8.20,0.8.20,0.8.20,floor,1,83.1,False,False,True,True,True,False,no,1.73
rsd,"rsd/reentrancy/safe/09_ERC20Inherit_safe1.sol",^0.8.20,0.8.20,0.8.20,floor,0,91.6,False,False,False,True,True,False,no,201.42
rsd,"rsd/reentrancy/safe/09_ERC20OnlyOnce_safe2.sol",^0.8.20,0.8.20,0.8.20,floor,0,34.0,False,False,False,False,False,False,no,40.76
rsd,"rsd/reentrancy/safe/09_ERC20_safe3.sol",^0.8.20,0.8.20,0.8.20,floor,0,7.4,False,False,False,True,False,False,no,93.60
rsd,"rsd/reentrancy/safe/09_ERC20StakingPull_safe1.sol",^0.8.20,0.8.20,0.8.20,floor,1,95.2,False,False,True,False,True,False,no,16.01
rsd,"rsd/reentrancy/safe/09_ERC20Staking_safe2.sol",^0.8.20,0.8.20,0.8.20,floor,0,89.6,False,False,False,True,True,False,no,10.00
rsd,"rsd/reentrancy/safe/10_OnlyOnce_safe2.sol",^0.8.20,0.8.20,0.8.20,floor,1,77.6,True,False,False,True,True,True,no,54.21
rsd,"rsd/reentrancy/safe/11_ProxyStaticcall_safe1.sol",^0.8.20,0.8.20,0.8.20,floor,0,89.0,False,False,False,True,True,False,no,300.97
rsd,"rsd/reentrancy/safe/14_ReadOnly_safe1.sol",^0.8.20,0.8.20,0.8.20,floor,1,61.2,False,False,False,False,True,True,no,32.64
rsd,"rsd/reentrancy/vulnerable/00_BasicConst_ree1.sol",^0.8.20,0.8.20,0.8.20,floor,1,82.5,True,False,False,True,True,True,no,7.50
rsd,"rsd/reentrancy/vulnerable/00_BasicError_ree1.sol",^0.8.20,0.8.20,0.8.20,floor,1,69.6,True,False,False,True,True,True,no,1.14
rsd,"rsd/reentrancy/vulnerable/00_BasicInline_ree1.sol",^0.8.20,0.8.20,0.8.20,floor,0,90.1,False,False,False,True,True,False,no,1.31
rsd,"rsd/reentrancy/vulnerable/00_BasicUnchecked_ree1.sol",^0.8.20,0.8.20,0.8.20,floor,1,83.3,True,False,False,True,True,True,no,1.55
rsd,"rsd/reentrancy/vulnerable/01_SingleMutexFold_ree3.sol",^0.8.20,0.8.20,0.8.20,floor,1,84.9,True,False,False,True,True,True,no,61.93
rsd,"rsd/reentrancy/vulnerable/01_SingleMutex_ree2.sol",^0.8.20,0.8.20,0.8.20,floor,1,72.9,True,False,False,True,True,True,no,77.45
rsd,"rsd/reentrancy/vulnerable/02_CrossMutexUnchecked_ree1.sol",^0.8.20,0.8.20,0.8.20,floor,1,86.0,True,False,False,True,True,True,no,91.55
rsd,"rsd/reentrancy/vulnerable/03_SingleModFold_ree2.sol",^0.8.20,0.8.20,0.8.20,floor,1,78.4,True,False,False,True,True,True,no,31.53
rsd,"rsd/reentrancy/vulnerable/03_SingleMod_ree1.sol",^0.8.20,0.8.20,0.8.20,floor,1,84.1,True,False,False,True,True,True,no,2.55
rsd,"rsd/reentrancy/vulnerable/03_SingleModUnderflow_ree1.sol",^0.8.20,0.8.20,0.8.20,floor,1,76.1,True,False,False,True,True,True,no,81.84
rsd,"rsd/reentrancy/vulnerable/04_CrossModFold_ree3.sol",^0.8.20,0.8.20,0.8.20,floor,1,88.7,True,False,False,True,True,True,no,161.45
rsd,"rsd/reentrancy/vulnerable/04_CrossMod_ree3.sol",^0.8.20,0.8.20,0.8.20,floor,1,75.1,True,False,False,True,True,True,no,106.30
rsd,"rsd/reentrancy/vulnerable/07_MixedSendFoldEmit_ree1.sol",^0.8.20,0.8.20,0.8.20,floor,1,77.3,False,False,True,True,True,True,no,1.73
rsd,"rsd/reentrancy/vulnerable/08_MixedTransferEmit_ree1.sol",^0.8.20,0.8.20,0.8.20,floor,1,83.1,False,False,True,True,True,True,no,1.54
rsd,"rsd/reentrancy/vulnerable/09_ERC20InheritMod_ree2.sol",^0.8.20,0.8.20,0.8.20,floor,0,92.1,False,False,False,True,True,False,no,242.02
rsd,"rsd/reentrancy/vulnerable/09_ERC20Mod_ree1.sol",^0.8.20,0.8.20,0.8.20,floor,0,91.6,False,False,False,False,True,False,no,1.88
rsd,"rsd/reentrancy/vulnerable/09_ERC20OnlyOnce_ree1.sol",^0.8.20,0.8.20,0.8.20,floor,0,34.0,False,False,False,False,False,False,no,39.76
rsd,"rsd/reentrancy/vulnerable/09_ERC20StakingPullMod_ree1.sol",^0.8.20,0.8.20,0.8.20,floor,1,95.6,False,False,True,False,True,False,no,14.29
rsd,"rsd/reentrancy/vulnerable/09_ERC20Staking_ree1.sol",^0.8.20,0.8.20,0.8.20,floor,1,94.3,False,False,True,True,True,False,no,2.98
rsd,"rsd/reentrancy/vulnerable/09_ERC20Staticcall_ree1.sol",^0.8.20,0.8.20,0.8.20,floor,0,26.0,False,False,False,True,True,False,no,22.50
rsd,"rsd/reentrancy/vulnerable/13_LoopCrossMod_ree2.sol",^0.8.20,0.8.20,0.8.20,floor,1,51.6,True,False,True,True,True,True,no,310.76
rsd,"rsd/reentrancy/vulnerable/13_Loop_ree1.sol",^0.8.20,0.8.20,0.8.20,floor,1,73.7,True,False,True,True,True,True,no,302.04
rsd,"rsd/reentrancy/vulnerable/14_DelegateCall_ree3.sol",^0.8.20,0.8.20,0.8.20,floor,0,85.7,False,False,False,True,True,False,no,86.81
rsd,"rsd/reentrancy/safe/00_BasicEmit_safe1.sol",^0.8.20,0.8.20,0.8.20,floor,1,83.1,True,False,False,True,True,False,no,1.61
rsd,"rsd/reentrancy/safe/00_BasicFold_safe2.sol",^0.8.20,0.8.20,0.8.20,floor,1,84.1,True,False,False,True,True,False,no,1.34
rsd,"rsd/reentrancy/safe/00_BasicNoChecks_safe1.sol",^0.8.20,0.8.20,0.8.20,floor,1,77.4,True,False,False,True,True,False,no,1.17
rsd,"rsd/reentrancy/safe/00_BasicUnchecked_safe1.sol",^0.8.20,0.8.20,0.8.20,floor,1,83.3,True,False,False,True,True,False,no,1.37
rsd,"rsd/reentrancy/safe/01_SingleMutex_safe1.sol",^0.8.20,0.8.20,0.8.20,floor,1,74.7,True,False,False,True,True,True,no,91.21
rsd,"rsd/reentrancy/safe/02_CrossMutex_safe2.sol",^0.8.20,0.8.20,0.8.20,floor,1,74.1,False,False,False,True,True,True,no,110.28
rsd,"rsd/reentrancy/safe/03_SingleModFold_safe1.sol",^0.8.20,0.8.20,0.8.20,floor,1,72.7,True,False,False,True,True,True,no,82.47
rsd,"rsd/reentrancy/safe/03_SingleMod_safe2.sol",^0.8.20,0.8.20,0.8.20,floor,1,71.7,False,False,False,True,True,True,no,91.88
rsd,"rsd/reentrancy/safe/04_CrossModFoldUnderflow_safe1.sol",^0.8.20,0.8.20,0.8.20,floor,1,84.9,True,False,False,True,True,True,no,181.04
rsd,"rsd/reentrancy/safe/04_CrossMod_safe3.sol",^0.8.20,0.8.20,0.8.20,floor,1,85.5,True,False,False,True,True,True,no,219.88
rsd,"rsd/reentrancy/safe/05_Send_safe1.sol",^0.8.20,0.8.20,0.8.20,floor,1,79.8,False,False,False,True,True,True,no,1.13
rsd,"rsd/reentrancy/safe/05_SendUnchecked_safe1.sol",^0.8.20,0.8.20,0.8.20,floor,0,79.8,False,False,False,True,True,False,no,1.11
rsd,"rsd/reentrancy/safe/06_TransferUnchecked_safe1.sol",^0.8.20,0.8.20,0.8.20,floor,0,89.2,False,False,False,True,True,False,no,1.23
rsd,"rsd/reentrancy/safe/07_MixedSendFold_safe1.sol",^0.8.20,0.8.20,0.8.20,floor,1,76.0,False,False,True,True,True,True,no,1.41
rsd,"rsd/reentrancy/safe/08_MixedTransfer_safe1.sol",^0.8.20,0.8.20,0.8.20,floor,1,82.3,False,False,True,True,True,False,no,1.42
rsd,"rsd/reentrancy/safe/09_ERC20Mod_safe1.sol",^0.8.20,0.8.20,0.8.20,floor,0,62.4,False,False,False,True,True,False,no,70.16
rsd,"rsd/reentrancy/safe/09_ERC20_safe1.sol",^0.8.20,0.8.20,0.8.20,floor,0,5.5,False,False,False,True,False,False,no,93.54
rsd,"rsd/reentrancy/safe/09_ERC20_safe4.sol",^0.8.20,0.8.20,0.8.20,floor,0,91.6,False,False,False,False,True,False,no,2.13
rsd,"rsd/reentrancy/safe/09_ERC20StakingPull_safe2.sol",^0.8.20,0.8.20,0.8.20,floor,1,95.2,False,False,True,False,True,False,no,19.00
rsd,"rsd/reentrancy/safe/09_ERC20Staking_safe3.sol",^0.8.20,0.8.20,0.8.20,floor,0,85.2,False,False,False,True,True,False,no,19.40
rsd,"rsd/reentrancy/safe/11_Proxy_safe1.sol",^0.8.20,0.8.20,0.8.20,floor,1,77.6,True,False,True,True,True,False,no,2.76
rsd,"rsd/reentrancy/safe/15_ReadOnly_safe2.sol",^0.8.20,0.8.20,0.8.20,floor,1,59.7,False,False,True,False,True,True,no,136.57
rsd,"rsd/reentrancy/vulnerable/00_BasicCross_ree1.sol",^0.8.20,0.8.20,0.8.20,floor,1,86.5,True,False,False,True,True,True,no,1.85
rsd,"rsd/reentrancy/vulnerable/00_BasicFold_ree1.sol",^0.8.20,0.8.20,0.8.20,floor,1,82.5,True,False,False,True,True,True,no,1.36
rsd,"rsd/reentrancy/vulnerable/00_BasicNoChecks_ree1.sol",^0.8.20,0.8.20,0.8.20,floor,1,77.2,True,False,False,True,True,True,no,1.16
rsd,"rsd/reentrancy/vulnerable/01_SingleMutexFold_ree1.sol",^0.8.20,0.8.20,0.8.20,floor,1,85.2,True,False,False,True,True,True,no,90.82
rsd,"rsd/reentrancy/vulnerable/02_CrossMutex_ree1.sol",^0.8.20,0.8.20,0.8.20,floor,1,87.0,True,False,False,True,True,True,no,127.29
rsd,"rsd/reentrancy/vulnerable/02_CrossMutexUnderflow_ree1.sol",^0.8.20,0.8.20,0.8.20,floor,1,74.2,True,False,False,True,True,True,no,79.74
rsd,"rsd/reentrancy/vulnerable/03_SingleModFold_ree3.sol",^0.8.20,0.8.20,0.8.20,floor,1,84.7,True,False,False,True,True,True,no,36.13
rsd,"rsd/reentrancy/vulnerable/03_SingleMod_ree2.sol",^0.8.20,0.8.20,0.8.20,floor,1,78.2,True,False,False,True,True,True,no,30.46
rsd,"rsd/reentrancy/vulnerable/04_CrossModFold_ree1.sol",^0.8.20,0.8.20,0.8.20,floor,1,85.5,True,False,False,True,True,True,no,168.58
rsd,"rsd/reentrancy/vulnerable/04_CrossMod_ree1.sol",^0.8.20,0.8.20,0.8.20,floor,1,87.1,True,False,False,True,True,True,no,130.03
rsd,"rsd/reentrancy/vulnerable/04_CrossMod_ree4.sol",^0.8.20,0.8.20,0.8.20,floor,1,88.0,True,False,False,True,True,True,no,4.23
rsd,"rsd/reentrancy/vulnerable/07_MixedSendFold_ree1.sol",^0.8.20,0.8.20,0.8.20,floor,1,76.0,False,False,True,True,True,True,no,1.40
rsd,"rsd/reentrancy/vulnerable/08_MixedTransfer_ree1.sol",^0.8.20,0.8.20,0.8.20,floor,1,82.3,False,False,True,True,True,True,no,1.36
rsd,"rsd/reentrancy/vulnerable/09_ERC20InheritMod_ree3.sol",^0.8.20,0.8.20,0.8.20,floor,0,72.6,False,False,False,True,True,False,no,287.27
rsd,"rsd/reentrancy/vulnerable/09_ERC20Mod_ree2.sol",^0.8.20,0.8.20,0.8.20,floor,0,92.1,False,False,False,False,True,False,no,2.04
rsd,"rsd/reentrancy/vulnerable/09_ERC20_ree1.sol",^0.8.20,0.8.20,0.8.20,floor,0,34.4,False,False,False,False,False,False,no,42.37
rsd,"rsd/reentrancy/vulnerable/09_ERC20StakingPullMod_ree2.sol",^0.8.20,0.8.20,0.8.20,floor,1,95.6,False,False,True,False,True,False,no,16.33
rsd,"rsd/reentrancy/vulnerable/09_ERC20Staking_ree2.sol",^0.8.20,0.8.20,0.8.20,floor,1,94.3,False,False,True,False,True,False,no,2.72
rsd,"rsd/reentrancy/vulnerable/12_OnlyOwner_ree1.sol",^0.8.20,0.8.20,0.8.20,floor,1,40.6,True,False,True,True,True,True,no,329.00
rsd,"rsd/reentrancy/vulnerable/14_DelegateCall_ree1.sol",^0.8.20,0.8.20,0.8.20,floor,0,74.4,False,False,False,True,True,False,no,301.01
rsd,"rsd/reentrancy/vulnerable/14_DelegateCall_ree4.sol",^0.8.20,0.8.20,0.8.20,floor,0,62.6,False,False,False,True,True,False,no,30.06
rsd,"rsd/reentrancy/vulnerable/15_ReadOnlyStaticcall_ree1.sol",^0.8.20,0.8.20,0.8.20,floor,1,72.9,False,False,False,False,True,True,no,178.60
rsd,"rsd/reentrancy/safe/01_SingleMutexFold_safe1.sol",^0.8.20,0.8.20,0.8.20,floor,1,85.5,True,False,False,True,True,True,no,87.67
rsd,"rsd/reentrancy/safe/13_LoopCrossMod_safe1.sol",^0.8.20,0.8.20,0.8.20,floor,1,56.3,True,False,True,True,True,True,no,304.85
rsd,"rsd/reentrancy/safe/15_ReadOnlyStaticcall_safe1.sol",^0.8.20,0.8.20,0.8.20,floor,1,69.9,False,False,False,False,True,True,no,176.89
rsd,"rsd/reentrancy/vulnerable/01_SingleMutexFold_ree2.sol",^0.8.20,0.8.20,0.8.20,floor,1,79.4,True,False,False,True,True,True,no,85.19
rsd,"rsd/reentrancy/vulnerable/13_LoopCrossMutex_ree1.sol",^0.8.20,0.8.20,0.8.20,floor,1,62.9,True,False,True,True,True,True,no,302.40
rsd,"rsd/reentrancy/safe/13_LoopCrossMutex_safe1.sol",^0.8.20,0.8.20,0.8.20,floor,1,55.8,True,False,True,True,True,True,no,303.18
rsd,"rsd/reentrancy/vulnerable/15_ReadOnly_ree2.sol",^0.8.20,0.8.20,0.8.20,floor,124,,,,,,,,no,360.12
rsd,"rsd/reentrancy/safe/12_OnlyOwner_safe1.sol",^0.8.20,0.8.20,0.8.20,floor,137,,,,,,,,no,68.20
rsd,"rsd/reentrancy/safe/13_LoopCrossMutex_safe2.sol",^0.8.20,0.8.20,0.8.20,floor,1,55.5,True,False,True,True,True,True,no,307.22
rsd,"rsd/reentrancy/vulnerable/01_SingleMutexFoldUnderflow_ree1.sol",^0.8.20,0.8.20,0.8.20,floor,1,84.9,True,False,False,True,True,True,no,75.38
rsd,"rsd/reentrancy/vulnerable/13_LoopCrossMod_ree3.sol",^0.8.20,0.8.20,0.8.20,floor,1,59.2,True,False,True,True,True,True,no,307.38
