dataset,contract,domain,rep,total_s,fixpoint_s,encoded,status
solidifi,1,Box,1,0.38,0.005,True,OK
solidifi,1,Box,2,0.32,0.0165,True,OK
solidifi,1,Box,3,0.31,0.0052,True,OK
solidifi,1,Octagon,1,0.33,0.005,True,OK
solidifi,1,Octagon,2,0.33,0.0167,True,OK
solidifi,1,Octagon,3,0.32,0.0056,True,OK
solidifi,1,Polka,1,0.36,0.0112,True,OK
solidifi,1,Polka,2,0.36,0.0124,True,OK
solidifi,1,Polka,3,0.35,0.0209,True,OK
solidifi,10,Box,1,1.17,0.0,False,ERR
solidifi,11,Box,1,1.75,0.6574,True,OK
solidifi,11,Box,2,1.75,0.6489,True,OK
solidifi,11,Box,3,1.74,0.6583,True,OK
solidifi,11,Octagon,1,4.62,3.5342,True,OK
solidifi,11,Octagon,2,4.33,3.23,True,OK
solidifi,11,Octagon,3,4.59,3.5068,True,OK
solidifi,11,Polka,1,2.05,0.9615,True,OK
solidifi,11,Polka,2,2.09,1.002,True,OK
solidifi,11,Polka,3,2.04,0.9623,True,OK
solidifi,12,Box,1,0.73,0.016,True,OK
solidifi,12,Box,2,0.72,0.0151,True,OK
solidifi,12,Box,3,0.73,0.015,True,OK
solidifi,12,Octagon,1,0.86,0.1406,True,OK
solidifi,12,Octagon,2,0.86,0.1407,True,OK
solidifi,12,Octagon,3,0.87,0.1482,True,OK
solidifi,12,Polka,1,0.78,0.0494,True,OK
solidifi,12,Polka,2,0.76,0.0422,True,OK
solidifi,12,Polka,3,0.78,0.0698,True,OK
solidifi,13,Box,1,1.17,0.0,False,OK
solidifi,14,Box,1,0.45,0.0,False,OK
solidifi,15,Box,1,1.17,0.0,False,OK
solidifi,16,Box,1,0.63,0.0,False,OK
solidifi,17,Box,1,1.07,0.0,False,ERR
solidifi,18,Box,1,0.07,0.0,False,ERR
solidifi,19,Box,1,1.11,0.0,False,OK
solidifi,2,Box,1,0.43,0.0063,True,OK
solidifi,2,Box,2,0.42,0.0066,True,OK
solidifi,2,Box,3,0.43,0.0068,True,OK
solidifi,2,Octagon,1,0.46,0.0145,True,OK
solidifi,2,Octagon,2,0.44,0.0169,True,OK
solidifi,2,Octagon,3,0.45,0.0177,True,OK
solidifi,2,Polka,1,0.46,0.0176,True,OK
solidifi,2,Polka,2,0.45,0.0189,True,OK
solidifi,2,Polka,3,0.45,0.0185,True,OK
solidifi,20,Box,1,1.36,0.0,False,OK
solidifi,21,Box,1,13.81,0.0,False,ERR
solidifi,22,Box,1,0.06,0.0,False,ERR
solidifi,23,Box,1,1.19,0.0,False,OK
solidifi,24,Box,1,7.37,0.0,False,ERR
solidifi,25,Box,1,0.16,0.0,False,ERR
solidifi,26,Box,1,1.05,0.0,False,OK
solidifi,27,Box,1,2.35,0.0,False,OK
solidifi,28,Box,1,0.68,0.0,False,OK
solidifi,29,Box,1,0.07,0.0,False,ERR
solidifi,3,Box,1,0.44,0.0066,True,OK
solidifi,3,Box,2,0.43,0.0074,True,OK
solidifi,3,Box,3,0.43,0.0068,True,OK
solidifi,3,Octagon,1,0.46,0.0152,True,OK
solidifi,3,Octagon,2,0.45,0.0167,True,OK
solidifi,3,Octagon,3,0.47,0.021,True,OK
solidifi,3,Polka,1,0.45,0.0174,True,OK
solidifi,3,Polka,2,0.46,0.0169,True,OK
solidifi,3,Polka,3,0.47,0.0184,True,OK
solidifi,30,Box,1,0.29,0.0,False,ERR
solidifi,31,Box,1,0.06,0.0,False,ERR
solidifi,32,Box,1,1.15,0.0,False,OK
solidifi,33,Box,1,0.06,0.0,False,ERR
solidifi,34,Box,1,0.06,0.0,False,ERR
solidifi,35,Box,1,0.08,0.0,False,ERR
solidifi,37,Box,1,1.05,0.0,False,OK
solidifi,38,Box,1,1.64,0.0,False,OK
solidifi,39,Box,1,0.23,0.0,False,OK
solidifi,4,Box,1,3.18,1.7093,True,OK
solidifi,4,Box,2,3.22,1.7313,True,OK
solidifi,4,Box,3,3.18,1.7045,True,OK
solidifi,4,Octagon,1,5.9,4.2977,True,OK
solidifi,4,Octagon,2,5.89,4.2436,True,OK
solidifi,4,Octagon,3,6.02,4.4771,True,OK
solidifi,4,Polka,1,3.82,2.3083,True,OK
solidifi,4,Polka,2,3.8,2.2659000000000002,True,OK
solidifi,4,Polka,3,3.75,2.2038,True,OK
solidifi,40,Box,1,1.13,0.0,False,OK
solidifi,41,Box,1,1.19,0.0,False,OK
solidifi,42,Box,1,0.99,0.0,False,ERR
solidifi,43,Box,1,1.43,0.0,False,OK
solidifi,44,Box,1,1.46,0.0,False,OK
solidifi,45,Box,1,0.98,0.0,False,ERR
solidifi,46,Box,1,0.94,0.0,False,ERR
solidifi,47,Box,1,0.91,0.0595,True,OK
solidifi,47,Box,2,0.89,0.0329,True,OK
solidifi,47,Box,3,0.91,0.0346,True,OK
solidifi,47,Octagon,1,1.11,0.2589,True,OK
solidifi,47,Octagon,2,1.2,0.3211,True,OK
solidifi,47,Octagon,3,1.17,0.3102,True,OK
solidifi,47,Polka,1,1.1,0.2037,True,OK
solidifi,47,Polka,2,1.09,0.22,True,OK
solidifi,47,Polka,3,1.06,0.2043,True,OK
solidifi,48,Box,1,0.53,0.0199,True,OK
solidifi,48,Box,2,0.54,0.0138,True,OK
solidifi,48,Box,3,0.55,0.0133,True,OK
solidifi,48,Octagon,1,0.65,0.1362,True,OK
solidifi,48,Octagon,2,0.62,0.1331,True,OK
solidifi,48,Octagon,3,0.63,0.1251,True,OK
solidifi,48,Polka,1,0.57,0.0541,True,OK
solidifi,48,Polka,2,0.57,0.0611,True,OK
solidifi,48,Polka,3,0.57,0.0602,True,OK
solidifi,49,Box,1,0.23,0.0,False,OK
solidifi,5,Box,1,1.38,0.0,False,OK
solidifi,50,Box,1,0.11,0.0,False,ERR
solidifi,6,Box,1,0.73,0.0,False,ERR
solidifi,7,Box,1,0.75,0.0,False,ERR
solidifi,8,Box,1,1.4,0.0,False,OK
solidifi,9,Box,1,1.37,0.0,False,OK
solidifi,buggy_1,Box,1,0.24,0.0,False,ERR
solidifi,buggy_10,Box,1,1.0,0.0,False,ERR
solidifi,buggy_11,Box,1,1.73,0.0,False,ERR
solidifi,buggy_12,Box,1,0.56,0.0,False,ERR
solidifi,buggy_13,Box,1,4.4,1.3101,True,OK
solidifi,buggy_13,Box,2,4.37,1.3256,True,OK
solidifi,buggy_13,Box,3,4.32,1.2623,True,OK
solidifi,buggy_13,Octagon,1,79.9,76.8592,True,OK
solidifi,buggy_13,Octagon,2,78.89,75.7032,True,OK
solidifi,buggy_13,Octagon,3,81.12,77.9884,True,OK
solidifi,buggy_13,Polka,1,15.83,12.6947,True,OK
solidifi,buggy_13,Polka,2,14.62,11.447,True,OK
solidifi,buggy_13,Polka,3,15.32,12.1484,True,OK
solidifi,buggy_14,Box,1,0.41,0.0,False,ERR
solidifi,buggy_15,Box,1,4.46,1.3037,True,OK
solidifi,buggy_15,Box,2,4.47,1.3429,True,OK
solidifi,buggy_15,Box,3,4.36,1.2711,True,OK
solidifi,buggy_15,Octagon,1,75.39,72.2772,True,OK
solidifi,buggy_15,Octagon,2,82.63,79.4028,True,OK
solidifi,buggy_15,Octagon,3,84.17,80.9782,True,OK
solidifi,buggy_15,Polka,1,16.35,13.2017,True,OK
solidifi,buggy_15,Polka,2,15.6,12.4691,True,OK
solidifi,buggy_15,Polka,3,16.07,12.9245,True,OK
solidifi,buggy_16,Box,1,0.62,0.0,False,ERR
solidifi,buggy_17,Box,1,2.58,0.0,False,ERR
solidifi,buggy_18,Box,1,0.09,0.0,False,ERR
solidifi,buggy_19,Box,1,7.35,1.4329,True,OK
solidifi,buggy_19,Box,2,7.1,1.4052,True,OK
solidifi,buggy_19,Box,3,7.27,1.451,True,OK
solidifi,buggy_19,Octagon,1,66.24,60.4706,True,OK
solidifi,buggy_19,Octagon,2,68.55,62.517,True,OK
solidifi,buggy_19,Octagon,3,67.32,61.2934,True,OK
solidifi,buggy_19,Polka,1,21.85,15.953,True,OK
solidifi,buggy_19,Polka,2,21.19,15.3635,True,OK
solidifi,buggy_19,Polka,3,21.57,15.7628,True,OK
solidifi,buggy_2,Box,1,2.89,0.0979,True,OK
solidifi,buggy_2,Box,2,2.87,0.1102,True,OK
solidifi,buggy_2,Box,3,2.82,0.106,True,OK
solidifi,buggy_2,Octagon,1,4.23,1.4744,True,OK
solidifi,buggy_2,Octagon,2,4.19,1.449,True,OK
solidifi,buggy_2,Octagon,3,4.19,1.4905,True,OK
solidifi,buggy_2,Polka,1,3.56,0.8395,True,OK
solidifi,buggy_2,Polka,2,3.71,0.9708,True,OK
solidifi,buggy_2,Polka,3,3.7,1.0017,True,OK
solidifi,buggy_20,Box,1,2.31,0.0,False,ERR
solidifi,buggy_21,Box,1,34.27,0.0,False,ERR
solidifi,buggy_22,Box,1,0.09,0.0,False,ERR
solidifi,buggy_23,Box,1,1.62,0.0,False,ERR
solidifi,buggy_24,Box,1,26.06,0.0,False,ERR
solidifi,buggy_25,Box,1,0.33,0.0,False,ERR
solidifi,buggy_26,Box,1,5.35,1.2542,True,OK
solidifi,buggy_26,Box,2,5.22,1.219,True,OK
solidifi,buggy_26,Box,3,5.27,1.272,True,OK
solidifi,buggy_26,Octagon,1,83.18,79.1499,True,OK
solidifi,buggy_26,Octagon,2,80.39,76.1949,True,OK
solidifi,buggy_26,Octagon,3,76.59,72.4443,True,OK
solidifi,buggy_26,Polka,1,18.84,14.6538,True,OK
solidifi,buggy_26,Polka,2,19.06,14.9047,True,OK
solidifi,buggy_26,Polka,3,19.09,14.9618,True,OK
solidifi,buggy_27,Box,1,0.66,0.0,False,ERR
solidifi,buggy_28,Box,1,0.46,0.0,False,ERR
solidifi,buggy_29,Box,1,0.08,0.0,False,ERR
solidifi,buggy_3,Box,1,2.85,0.092,True,OK
solidifi,buggy_3,Box,2,2.9,0.1012,True,OK
solidifi,buggy_3,Box,3,2.94,0.1049,True,OK
solidifi,buggy_3,Octagon,1,4.22,1.3983,True,OK
solidifi,buggy_3,Octagon,2,4.54,1.7398,True,OK
solidifi,buggy_3,Octagon,3,4.18,1.4258,True,OK
solidifi,buggy_3,Polka,1,3.57,0.8625,True,OK
solidifi,buggy_3,Polka,2,3.58,0.8577,True,OK
solidifi,buggy_3,Polka,3,3.59,0.8659,True,OK
solidifi,buggy_30,Box,1,0.73,0.0,False,ERR
solidifi,buggy_31,Box,1,0.07,0.0,False,ERR
solidifi,buggy_32,Box,1,1.66,0.0,False,ERR
solidifi,buggy_33,Box,1,0.08,0.0,False,ERR
solidifi,buggy_34,Box,1,0.09,0.0,False,ERR
solidifi,buggy_35,Box,1,0.09,0.0,False,ERR
solidifi,buggy_37,Box,1,2.0,0.0,False,ERR
solidifi,buggy_38,Box,1,2.6,0.0,False,ERR
solidifi,buggy_39,Box,1,0.91,0.0254,True,OK
solidifi,buggy_39,Box,2,0.89,0.052,True,OK
solidifi,buggy_39,Box,3,0.88,0.0253,True,OK
solidifi,buggy_39,Octagon,1,1.15,0.2891,True,OK
solidifi,buggy_39,Octagon,2,1.13,0.2575,True,OK
solidifi,buggy_39,Octagon,3,1.23,0.3455,True,OK
solidifi,buggy_39,Polka,1,1.05,0.1838,True,OK
solidifi,buggy_39,Polka,2,1.04,0.1746,True,OK
solidifi,buggy_39,Polka,3,1.05,0.181,True,OK
solidifi,buggy_4,Box,1,9.5,2.8189,True,OK
solidifi,buggy_4,Box,2,9.39,2.777,True,OK
solidifi,buggy_4,Box,3,9.22,2.8232999999999997,True,OK
solidifi,buggy_4,Octagon,1,159.52,151.71359999999999,True,OK
solidifi,buggy_4,Octagon,2,164.84,155.76749999999998,True,OK
solidifi,buggy_4,Octagon,3,198.14,188.1494,True,OK
solidifi,buggy_4,Polka,1,35.29,28.186,True,OK
solidifi,buggy_4,Polka,2,33.69,26.8953,True,OK
solidifi,buggy_4,Polka,3,36.56,27.9955,True,OK
solidifi,buggy_40,Box,1,1.58,0.0,False,ERR
solidifi,buggy_41,Box,1,4.41,1.2899,True,OK
solidifi,buggy_41,Box,2,4.3,1.2779,True,OK
solidifi,buggy_41,Box,3,4.54,1.3373,True,OK
solidifi,buggy_41,Octagon,1,79.41,76.2997,True,OK
solidifi,buggy_41,Octagon,2,80.32,77.138,True,OK
solidifi,buggy_41,Octagon,3,79.87,76.72,True,OK
solidifi,buggy_41,Polka,1,15.46,12.2727,True,OK
solidifi,buggy_41,Polka,2,16.49,13.3061,True,OK
solidifi,buggy_41,Polka,3,15.71,12.6055,True,OK
solidifi,buggy_42,Box,1,2.03,0.0,False,ERR
solidifi,buggy_43,Box,1,2.28,0.0,False,ERR
solidifi,buggy_44,Box,1,2.41,0.0,False,ERR
solidifi,buggy_45,Box,1,2.11,0.0,False,ERR
solidifi,buggy_46,Box,1,1.08,0.0,False,ERR
solidifi,buggy_47,Box,1,0.69,0.0,False,ERR
solidifi,buggy_48,Box,1,0.49,0.0,False,ERR
solidifi,buggy_49,Box,1,0.93,0.0424,True,OK
solidifi,buggy_49,Box,2,0.91,0.0257,True,OK
solidifi,buggy_49,Box,3,0.9,0.026,True,OK
solidifi,buggy_49,Octagon,1,1.2,0.2958,True,OK
solidifi,buggy_49,Octagon,2,1.17,0.2643,True,OK
solidifi,buggy_49,Octagon,3,1.32,0.4044,True,OK
solidifi,buggy_49,Polka,1,1.07,0.1773,True,OK
solidifi,buggy_49,Polka,2,1.1,0.189,True,OK
solidifi,buggy_49,Polka,3,1.07,0.1822,True,OK
solidifi,buggy_5,Box,1,2.52,0.0,False,ERR
solidifi,buggy_50,Box,1,0.27,0.0,False,ERR
solidifi,buggy_6,Box,1,1.66,0.0,False,ERR
solidifi,buggy_7,Box,1,1.72,0.0,False,ERR
solidifi,buggy_8,Box,1,2.41,0.0,False,ERR
solidifi,buggy_9,Box,1,1.92,0.0,False,ERR
