filename,reentrancy,overflow,timestamp,tod,duration_s,exit_status,solc_version,swc_107_count,swc_101_count,swc_116_count,swc_114_count,raw_json_path
0x01f8c4e3fa3edeb29e514cba738d87ce8c091d3f.sol,1,0,0,0,0,OK,0.4.19,1,0,0,0,results/mythril/sbc/raw_json_verify/0x01f8c4e3fa3edeb29e514cba738d87ce8c091d3f.json
0x07f7ecb66d788ab01dc93b9b71a88401de7d0f2e.sol,1,0,0,0,316.19,OK,0.4.24,5,0,0,0,results/mythril/sbc/raw_json/0x07f7ecb66d788ab01dc93b9b71a88401de7d0f2e.json
0x0cbe050f75bc8f8c2d6c0d249fea125fd6e1acc9.sol,1,0,0,0,8.46,OK,0.4.26,1,0,0,0,results/mythril/sbc/raw_json/0x0cbe050f75bc8f8c2d6c0d249fea125fd6e1acc9.json
0x19cf8481ea15427a98ba3cdd6d9e14690011ab10.sol,0,0,0,0,660.23,TIMEOUT,0.4.11,0,0,0,0,results/mythril/sbc/raw_json/0x19cf8481ea15427a98ba3cdd6d9e14690011ab10.json
0x23a91059fdc9579a9fbd0edc5f2ea0bfdb70deb4.sol,1,0,0,0,0,OK,0.4.19,1,0,0,0,results/mythril/sbc/raw_json_verify/0x23a91059fdc9579a9fbd0edc5f2ea0bfdb70deb4.json
0x2972d548497286d18e92b5fa1f8f9139e5653fd2.sol,1,1,0,0,116.7,OK,0.4.25,1,1,0,0,results/mythril/sbc/raw_json/0x2972d548497286d18e92b5fa1f8f9139e5653fd2.json
0x39cfd754c85023648bf003bea2dd498c5612abfa.sol,1,0,0,0,352.67,OK,0.4.18,2,0,0,0,results/mythril/sbc/raw_json/0x39cfd754c85023648bf003bea2dd498c5612abfa.json
0x3a0e9acd953ffc0dd18d63603488846a6b8b2b01.sol,1,0,0,0,353.89,OK,0.4.18,2,0,0,0,results/mythril/sbc/raw_json/0x3a0e9acd953ffc0dd18d63603488846a6b8b2b01.json
0x3e013fc32a54c4c5b6991ba539dcd0ec4355c859.sol,1,0,0,1,304.95,OK,0.4.18,1,0,0,1,results/mythril/sbc/raw_json/0x3e013fc32a54c4c5b6991ba539dcd0ec4355c859.json
0x3f2ef511aa6e75231e4deafc7a3d2ecab3741de2.sol,1,0,0,1,307.73,OK,0.4.19,1,0,0,2,results/mythril/sbc/raw_json/0x3f2ef511aa6e75231e4deafc7a3d2ecab3741de2.json
0x4051334adc52057aca763453820cb0e045076ef3.sol,1,0,0,0,66.91,OK,0.4.24,1,0,0,0,results/mythril/sbc/raw_json/0x4051334adc52057aca763453820cb0e045076ef3.json
0x4320e6f8c05b27ab4707cd1f6d5ce6f3e4b3a5a1.sol,1,0,0,0,0,OK,0.4.19,1,0,0,0,results/mythril/sbc/raw_json_verify/0x4320e6f8c05b27ab4707cd1f6d5ce6f3e4b3a5a1.json
0x4a66ad0bca2d700f11e1f2fc2c106f7d3264504c.sol,0,0,0,0,14.0,OK,0.4.18,0,0,0,0,results/mythril/sbc/raw_json/0x4a66ad0bca2d700f11e1f2fc2c106f7d3264504c.json
0x4b71ad9c1a84b9b643aa54fdd66e2dec96e8b152.sol,1,0,0,0,73.1,OK,0.4.24,1,0,0,0,results/mythril/sbc/raw_json/0x4b71ad9c1a84b9b643aa54fdd66e2dec96e8b152.json
0x4e73b32ed6c35f570686b89848e5f39f20ecc106.sol,1,0,0,0,0,OK,0.4.19,2,0,0,0,results/mythril/sbc/raw_json_verify/0x4e73b32ed6c35f570686b89848e5f39f20ecc106.json
0x524960d55174d912768678d8c606b4d50b79d7b1.sol,0,0,0,0,17.93,OK,0.4.13,0,0,0,0,results/mythril/sbc/raw_json/0x524960d55174d912768678d8c606b4d50b79d7b1.json
0x52d2e0f9b01101a59b38a3d05c80b7618aeed984.sol,1,0,0,1,52.99,OK,0.4.19,3,0,0,1,results/mythril/sbc/raw_json/0x52d2e0f9b01101a59b38a3d05c80b7618aeed984.json
0x561eac93c92360949ab1f1403323e6db345cbf31.sol,1,0,0,0,0,OK,0.4.19,2,0,0,0,results/mythril/sbc/raw_json_verify/0x561eac93c92360949ab1f1403323e6db345cbf31.json
0x5aa88d2901c68fda244f1d0584400368d2c8e739.sol,1,0,0,1,305.39,OK,0.4.18,1,0,0,1,results/mythril/sbc/raw_json/0x5aa88d2901c68fda244f1d0584400368d2c8e739.json
0x610495793564aed0f9c7fc48dc4c7c9151d34fd6.sol,1,0,0,0,307.2,OK,0.4.24,1,0,0,0,results/mythril/sbc/raw_json/0x610495793564aed0f9c7fc48dc4c7c9151d34fd6.json
0x627fa62ccbb1c1b04ffaecd72a53e37fc0e17839.sol,1,0,0,0,353.7,OK,0.4.19,2,0,0,0,results/mythril/sbc/raw_json/0x627fa62ccbb1c1b04ffaecd72a53e37fc0e17839.json
0x663e4229142a27f00bafb5d087e1e730648314c3.sol,0,0,0,0,660.36,TIMEOUT,0.4.24,0,0,0,0,results/mythril/sbc/raw_json/0x663e4229142a27f00bafb5d087e1e730648314c3.json
0x70f9eddb3931491aab1aeafbc1e7f1ca2a012db4.sol,1,0,0,1,305.89,OK,0.4.19,1,0,0,2,results/mythril/sbc/raw_json/0x70f9eddb3931491aab1aeafbc1e7f1ca2a012db4.json
0x7541b76cb60f4c60af330c208b0623b7f54bf615.sol,1,1,1,0,0,OK,0.4.25,1,1,1,0,results/mythril/sbc/raw_json_verify/0x7541b76cb60f4c60af330c208b0623b7f54bf615.json
0x78c2a1e91b52bca4130b6ed9edd9fbcfd4671c37.sol,1,0,0,1,305.87,OK,0.4.19,1,0,0,2,results/mythril/sbc/raw_json/0x78c2a1e91b52bca4130b6ed9edd9fbcfd4671c37.json
0x7a4349a749e59a5736efb7826ee3496a2dfd5489.sol,1,0,0,1,305.98,OK,0.4.19,1,0,0,2,results/mythril/sbc/raw_json/0x7a4349a749e59a5736efb7826ee3496a2dfd5489.json
0x7a8721a9d64c74da899424c1b52acbf58ddc9782.sol,0,0,0,0,0,OK,0.4.19,0,0,0,0,results/mythril/sbc/raw_json_verify/0x7a8721a9d64c74da899424c1b52acbf58ddc9782.json
0x7b368c4e805c3870b6c49a3f1f49f69af8662cf3.sol,1,1,1,0,0,OK,0.4.25,1,1,1,0,results/mythril/sbc/raw_json_verify/0x7b368c4e805c3870b6c49a3f1f49f69af8662cf3.json
0x7d09edb07d23acb532a82be3da5c17d9d85806b4.sol,1,0,0,0,317.78,OK,0.4.24,5,0,0,0,results/mythril/sbc/raw_json/0x7d09edb07d23acb532a82be3da5c17d9d85806b4.json
0x806a6bd219f162442d992bdc4ee6eba1f2c5a707.sol,1,0,0,1,307.25,OK,0.4.19,1,0,0,2,results/mythril/sbc/raw_json/0x806a6bd219f162442d992bdc4ee6eba1f2c5a707.json
0x84d9ec85c9c568eb332b7226a8f826d897e0a4a8.sol,0,0,0,0,660.28,TIMEOUT,0.4.16,0,0,0,0,results/mythril/sbc/raw_json/0x84d9ec85c9c568eb332b7226a8f826d897e0a4a8.json
0x89c1b3807d4c67df034fffb62f3509561218d30b.sol,1,1,0,0,336.89,OK,0.4.26,7,1,0,0,results/mythril/sbc/raw_json/0x89c1b3807d4c67df034fffb62f3509561218d30b.json
0x8c7777c45481dba411450c228cb692ac3d550344.sol,1,0,0,0,0,OK,0.4.19,1,0,0,0,results/mythril/sbc/raw_json_verify/0x8c7777c45481dba411450c228cb692ac3d550344.json
0x8fd1e427396ddb511533cf9abdbebd0a7e08da35.sol,1,0,0,0,357.18,OK,0.4.18,2,0,0,0,results/mythril/sbc/raw_json/0x8fd1e427396ddb511533cf9abdbebd0a7e08da35.json
0x93c32845fae42c83a70e5f06214c8433665c2ab5.sol,1,1,1,0,0,OK,0.4.25,1,1,1,0,results/mythril/sbc/raw_json_verify/0x93c32845fae42c83a70e5f06214c8433665c2ab5.json
0x941d225236464a25eb18076df7da6a91d0f95e9e.sol,1,0,0,0,0,OK,0.4.19,1,0,0,0,results/mythril/sbc/raw_json_verify/0x941d225236464a25eb18076df7da6a91d0f95e9e.json
0x958a8f594101d2c0485a52319f29b2647f2ebc06.sol,0,0,0,0,660.26,TIMEOUT,0.4.16,0,0,0,0,results/mythril/sbc/raw_json/0x958a8f594101d2c0485a52319f29b2647f2ebc06.json
0x96edbe868531bd23a6c05e9d0c424ea64fb1b78b.sol,1,0,1,0,0,OK,0.4.19,2,0,2,0,results/mythril/sbc/raw_json_verify/0x96edbe868531bd23a6c05e9d0c424ea64fb1b78b.json
0x9d06cbafa865037a01d322d3f4222fa3e04e5488.sol,1,0,0,0,308.57,OK,0.4.23,3,0,0,0,results/mythril/sbc/raw_json/0x9d06cbafa865037a01d322d3f4222fa3e04e5488.json
0xa1fceeff3acc57d257b917e30c4df661401d6431.sol,1,0,0,0,94.28,OK,0.4.18,1,0,0,0,results/mythril/sbc/raw_json/0xa1fceeff3acc57d257b917e30c4df661401d6431.json
0xa46edd6a9a93feec36576ee5048146870ea2c3ae.sol,1,1,0,0,107.79,OK,0.4.18,1,1,0,0,results/mythril/sbc/raw_json/0xa46edd6a9a93feec36576ee5048146870ea2c3ae.json
0xaae1f51cf3339f18b6d3f3bdc75a5facd744b0b8.sol,1,0,0,0,0,OK,0.4.19,2,0,0,0,results/mythril/sbc/raw_json_verify/0xaae1f51cf3339f18b6d3f3bdc75a5facd744b0b8.json
0xb0510d68f210b7db66e8c7c814f22680f2b8d1d6.sol,1,0,0,0,357.73,OK,0.4.23,9,0,0,0,results/mythril/sbc/raw_json/0xb0510d68f210b7db66e8c7c814f22680f2b8d1d6.json
0xb11b2fed6c9354f7aa2f658d3b4d7b31d8a13b77.sol,0,0,0,0,660.26,TIMEOUT,0.4.24,0,0,0,0,results/mythril/sbc/raw_json/0xb11b2fed6c9354f7aa2f658d3b4d7b31d8a13b77.json
0xb37f18af15bafb869a065b61fc83cfc44ed9cc27.sol,1,0,0,0,307.66,OK,0.4.24,1,0,0,0,results/mythril/sbc/raw_json/0xb37f18af15bafb869a065b61fc83cfc44ed9cc27.json
0xb5e1b1ee15c6fa0e48fce100125569d430f1bd12.sol,1,0,0,0,0,OK,0.4.19,1,0,0,0,results/mythril/sbc/raw_json_verify/0xb5e1b1ee15c6fa0e48fce100125569d430f1bd12.json
0xb620cee6b52f96f3c6b253e6eea556aa2d214a99.sol,1,0,0,0,315.43,OK,0.4.23,1,0,0,0,results/mythril/sbc/raw_json/0xb620cee6b52f96f3c6b253e6eea556aa2d214a99.json
0xb7c5c5aa4d42967efe906e1b66cb8df9cebf04f7.sol,1,0,0,1,303.82,OK,0.4.23,2,0,0,1,results/mythril/sbc/raw_json/0xb7c5c5aa4d42967efe906e1b66cb8df9cebf04f7.json
0xb93430ce38ac4a6bb47fb1fc085ea669353fd89e.sol,1,0,0,0,0,OK,0.4.19,1,0,0,0,results/mythril/sbc/raw_json_verify/0xb93430ce38ac4a6bb47fb1fc085ea669353fd89e.json
0xbaa3de6504690efb064420d89e871c27065cdd52.sol,0,0,0,0,660.21,TIMEOUT,0.4.23,0,0,0,0,results/mythril/sbc/raw_json/0xbaa3de6504690efb064420d89e871c27065cdd52.json
0xbaf51e761510c1a11bf48dd87c0307ac8a8c8a4f.sol,1,0,0,0,0,OK,0.4.19,1,0,0,0,results/mythril/sbc/raw_json_verify/0xbaf51e761510c1a11bf48dd87c0307ac8a8c8a4f.json
0xbe4041d55db380c5ae9d4a9b9703f1ed4e7e3888.sol,1,0,1,0,0,OK,0.4.19,2,0,2,0,results/mythril/sbc/raw_json_verify/0xbe4041d55db380c5ae9d4a9b9703f1ed4e7e3888.json
0xbebbfe5b549f5db6e6c78ca97cac19d1fb03082c.sol,0,0,0,0,660.23,TIMEOUT,0.4.24,0,0,0,0,results/mythril/sbc/raw_json/0xbebbfe5b549f5db6e6c78ca97cac19d1fb03082c.json
0xcead721ef5b11f1a7b530171aab69b16c5e66b6e.sol,1,1,1,0,0,OK,0.4.25,1,1,1,0,results/mythril/sbc/raw_json_verify/0xcead721ef5b11f1a7b530171aab69b16c5e66b6e.json
0xd2018bfaa266a9ec0a1a84b061640faa009def76.sol,1,0,0,1,306.78,OK,0.4.19,1,0,0,2,results/mythril/sbc/raw_json/0xd2018bfaa266a9ec0a1a84b061640faa009def76.json
0xd5967fed03e85d1cce44cab284695b41bc675b5c.sol,1,0,0,0,69.95,OK,0.4.24,1,0,0,0,results/mythril/sbc/raw_json/0xd5967fed03e85d1cce44cab284695b41bc675b5c.json
0xdb1c55f6926e7d847ddf8678905ad871a68199d2.sol,1,0,0,1,305.72,OK,0.4.19,1,0,0,2,results/mythril/sbc/raw_json/0xdb1c55f6926e7d847ddf8678905ad871a68199d2.json
0xe09b1ab8111c2729a76f16de96bc86a7af837928.sol,1,0,0,0,344.69,OK,0.4.24,13,0,0,0,results/mythril/sbc/raw_json/0xe09b1ab8111c2729a76f16de96bc86a7af837928.json
0xe4eabdca81e31d9acbc4af76b30f532b6ed7f3bf.sol,1,0,0,1,305.98,OK,0.4.19,1,0,0,2,results/mythril/sbc/raw_json/0xe4eabdca81e31d9acbc4af76b30f532b6ed7f3bf.json
0xe82f0742a71a02b9e9ffc142fdcb6eb1ed06fb87.sol,1,0,0,1,306.01,OK,0.4.19,1,0,0,2,results/mythril/sbc/raw_json/0xe82f0742a71a02b9e9ffc142fdcb6eb1ed06fb87.json
0xe894d54dca59cb53fe9cbc5155093605c7068220.sol,1,0,0,0,76.43,OK,0.4.24,1,0,0,0,results/mythril/sbc/raw_json/0xe894d54dca59cb53fe9cbc5155093605c7068220.json
0xec329ffc97d75fe03428ae155fc7793431487f63.sol,0,0,0,0,660.27,TIMEOUT,0.4.11,0,0,0,0,results/mythril/sbc/raw_json/0xec329ffc97d75fe03428ae155fc7793431487f63.json
0xf015c35649c82f5467c9c74b7f28ee67665aad68.sol,1,1,1,0,0,OK,0.4.25,1,1,1,0,results/mythril/sbc/raw_json_verify/0xf015c35649c82f5467c9c74b7f28ee67665aad68.json
0xf2570186500a46986f3139f65afedc2afe4f445d.sol,1,0,0,0,18.07,OK,0.4.16,2,0,0,0,results/mythril/sbc/raw_json/0xf2570186500a46986f3139f65afedc2afe4f445d.json
0xf29ebe930a539a60279ace72c707cba851a57707.sol,1,0,0,1,45.37,OK,0.4.24,2,0,0,1,results/mythril/sbc/raw_json/0xf29ebe930a539a60279ace72c707cba851a57707.json
0xf70d589d76eebdd7c12cc5eec99f8f6fa4233b9e.sol,1,0,0,1,305.86,OK,0.4.19,1,0,0,2,results/mythril/sbc/raw_json/0xf70d589d76eebdd7c12cc5eec99f8f6fa4233b9e.json
BECToken.sol,0,0,0,0,144.45,OK,0.4.16,0,0,0,0,results/mythril/sbc/raw_json/BECToken.json
ERC20.sol,0,0,0,0,314.0,OK,0.4.24,0,0,0,0,results/mythril/sbc/raw_json/ERC20.json
FibonacciBalance.sol,1,1,0,1,347.09,OK,0.4.22,2,2,0,1,results/mythril/sbc/raw_json/FibonacciBalance.json
FindThisHash.sol,0,0,0,0,11.78,OK,0.4.22,0,0,0,0,results/mythril/sbc/raw_json/FindThisHash.json
arbitrary_location_write_simple.sol,0,1,0,0,56.28,OK,0.4.25,0,4,0,0,results/mythril/sbc/raw_json/arbitrary_location_write_simple.json
auction.sol,0,0,0,1,42.07,OK,0.4.15,0,0,0,1,results/mythril/sbc/raw_json/auction.json
blackjack.sol,0,0,0,0,346.74,OK,0.4.26,0,0,0,0,results/mythril/sbc/raw_json/blackjack.json
crypto_roulette.sol,0,0,1,0,165.84,OK,0.4.19,0,0,1,0,results/mythril/sbc/raw_json/crypto_roulette.json
dos_address.sol,0,0,0,0,4.93,OK,0.4.25,0,0,0,0,results/mythril/sbc/raw_json/dos_address.json
dos_number.sol,0,0,0,0,23.8,OK,0.4.25,0,0,0,0,results/mythril/sbc/raw_json/dos_number.json
dos_simple.sol,0,0,0,0,4.27,OK,0.4.25,0,0,0,0,results/mythril/sbc/raw_json/dos_simple.json
eth_tx_order_dependence_minimal.sol,0,0,0,1,32.62,OK,0.4.16,0,0,0,1,results/mythril/sbc/raw_json/eth_tx_order_dependence_minimal.json
ether_lotto.sol,0,0,1,1,41.44,OK,0.4.15,0,0,1,1,results/mythril/sbc/raw_json/ether_lotto.json
etheraffle.sol,0,0,0,0,329.18,OK,0.4.16,0,0,0,0,results/mythril/sbc/raw_json/etheraffle.json
etherbank.sol,1,0,0,1,48.06,OK,0.4.26,2,0,0,1,results/mythril/sbc/raw_json/etherbank.json
etherpot_lotto.sol,0,1,0,0,96.57,OK,0.4.26,0,4,0,0,results/mythril/sbc/raw_json/etherpot_lotto.json
etherstore.sol,1,1,1,0,176.17,OK,0.4.26,4,1,1,0,results/mythril/sbc/raw_json/etherstore.json
governmental_survey.sol,1,0,0,0,204.26,OK,0.4.26,1,0,0,0,results/mythril/sbc/raw_json/governmental_survey.json
guess_the_random_number.sol,0,0,0,0,46.83,OK,0.4.21,0,0,0,0,results/mythril/sbc/raw_json/guess_the_random_number.json
incorrect_constructor_name1.sol,0,0,0,1,31.54,OK,0.4.24,0,0,0,1,results/mythril/sbc/raw_json/incorrect_constructor_name1.json
incorrect_constructor_name2.sol,0,0,0,1,32.25,OK,0.4.24,0,0,0,1,results/mythril/sbc/raw_json/incorrect_constructor_name2.json
incorrect_constructor_name3.sol,0,0,0,1,32.17,OK,0.4.24,0,0,0,1,results/mythril/sbc/raw_json/incorrect_constructor_name3.json
insecure_transfer.sol,0,0,0,0,20.19,OK,0.4.26,0,0,0,0,results/mythril/sbc/raw_json/insecure_transfer.json
integer_overflow_1.sol,0,1,0,0,7.44,OK,0.4.15,0,1,0,0,results/mythril/sbc/raw_json/integer_overflow_1.json
integer_overflow_add.sol,0,1,0,0,6.69,OK,0.4.19,0,1,0,0,results/mythril/sbc/raw_json/integer_overflow_add.json
integer_overflow_benign_1.sol,0,0,0,0,3.93,OK,0.4.19,0,0,0,0,results/mythril/sbc/raw_json/integer_overflow_benign_1.json
integer_overflow_mapping_sym_1.sol,0,1,0,0,8.53,OK,0.4.11,0,1,0,0,results/mythril/sbc/raw_json/integer_overflow_mapping_sym_1.json
integer_overflow_minimal.sol,0,1,0,0,6.68,OK,0.4.19,0,1,0,0,results/mythril/sbc/raw_json/integer_overflow_minimal.json
integer_overflow_mul.sol,0,1,0,0,6.78,OK,0.4.19,0,1,0,0,results/mythril/sbc/raw_json/integer_overflow_mul.json
integer_overflow_multitx_multifunc_feasible.sol,0,1,0,0,8.93,OK,0.4.23,0,1,0,0,results/mythril/sbc/raw_json/integer_overflow_multitx_multifunc_feasible.json
integer_overflow_multitx_onefunc_feasible.sol,0,1,0,0,7.85,OK,0.4.23,0,1,0,0,results/mythril/sbc/raw_json/integer_overflow_multitx_onefunc_feasible.json
king_of_the_ether_throne.sol,0,0,0,0,354.32,OK,0.4.26,0,0,0,0,results/mythril/sbc/raw_json/king_of_the_ether_throne.json
list_dos.sol,0,1,1,0,320.83,OK,0.4.26,0,1,1,0,results/mythril/sbc/raw_json/list_dos.json
lottery.sol,0,0,0,0,19.45,OK,0.4.26,0,0,0,0,results/mythril/sbc/raw_json/lottery.json
lotto.sol,0,0,0,1,16.9,OK,0.4.18,0,0,0,2,results/mythril/sbc/raw_json/lotto.json
lottopollo.sol,0,0,1,0,5.71,OK,0.4.26,0,0,2,0,results/mythril/sbc/raw_json/lottopollo.json
lucky_doubler.sol,0,0,0,0,360.19,TIMEOUT,0.4.26,0,0,0,0,results/mythril/sbc/raw_json/lucky_doubler.json
mapping_write.sol,0,0,0,1,56.86,OK,0.4.24,0,0,0,1,results/mythril/sbc/raw_json/mapping_write.json
mishandled.sol,0,0,0,1,11.65,OK,0.4.26,0,0,0,1,results/mythril/sbc/raw_json/mishandled.json
modifier_reentrancy.sol,1,0,0,0,53.65,OK,0.4.24,5,0,0,0,results/mythril/sbc/raw_json/modifier_reentrancy.json
multiowned_vulnerable.sol,0,0,0,1,354.93,OK,0.4.23,0,0,0,1,results/mythril/sbc/raw_json/multiowned_vulnerable.json
mycontract.sol,0,0,0,0,9.15,OK,0.4.24,0,0,0,0,results/mythril/sbc/raw_json/mycontract.json
name_registrar.sol,0,0,0,0,14.91,OK,0.4.15,0,0,0,0,results/mythril/sbc/raw_json/name_registrar.json
odds_and_evens.sol,0,1,0,0,146.9,OK,0.4.26,0,1,0,0,results/mythril/sbc/raw_json/odds_and_evens.json
old_blockhash.sol,0,1,0,0,269.14,OK,0.4.24,0,1,0,0,results/mythril/sbc/raw_json/old_blockhash.json
open_address_lottery.sol,0,0,0,0,305.84,OK,0.4.19,0,0,0,0,results/mythril/sbc/raw_json/open_address_lottery.json
overflow_simple_add.sol,0,1,0,0,6.99,OK,0.4.25,0,1,0,0,results/mythril/sbc/raw_json/overflow_simple_add.json
overflow_single_tx.sol,0,1,0,0,213.62,OK,0.4.23,0,2,0,0,results/mythril/sbc/raw_json/overflow_single_tx.json
parity_wallet_bug_1.sol,0,0,0,0,2.82,"MYTHRIL_ERROR:Solc experienced a fatal error.

datasets/sbc/access_control/parity_wallet_bug_1.sol:18:1: SyntaxErr",0.4.26,0,0,0,0,results/mythril/sbc/raw_json/parity_wallet_bug_1.json
parity_wallet_bug_2.sol,0,1,0,0,330.27,OK,0.4.26,0,1,0,0,results/mythril/sbc/raw_json/parity_wallet_bug_2.json
phishable.sol,0,0,0,1,25.78,OK,0.4.22,0,0,0,1,results/mythril/sbc/raw_json/phishable.json
proxy.sol,0,0,0,0,24.01,OK,0.4.24,0,0,0,0,results/mythril/sbc/raw_json/proxy.json
random_number_generator.sol,0,0,0,0,2.99,OK,0.4.25,0,0,0,0,results/mythril/sbc/raw_json/random_number_generator.json
reentrance.sol,1,0,0,0,305.97,OK,0.4.18,3,0,0,0,results/mythril/sbc/raw_json/reentrance.json
reentrancy_bonus.sol,1,0,0,1,185.95,OK,0.4.24,3,0,0,1,results/mythril/sbc/raw_json/reentrancy_bonus.json
reentrancy_cross_function.sol,1,0,0,1,76.24,OK,0.4.24,2,0,0,1,results/mythril/sbc/raw_json/reentrancy_cross_function.json
reentrancy_dao.sol,1,0,0,1,59.39,OK,0.4.19,2,0,0,1,results/mythril/sbc/raw_json/reentrancy_dao.json
reentrancy_insecure.sol,1,0,0,1,35.16,OK,0.5.0,2,0,0,1,results/mythril/sbc/raw_json/reentrancy_insecure.json
reentrancy_simple.sol,1,0,0,1,89.97,OK,0.4.15,2,0,0,1,results/mythril/sbc/raw_json/reentrancy_simple.json
roulette.sol,0,0,1,1,303.21,OK,0.4.25,0,0,2,1,results/mythril/sbc/raw_json/roulette.json
rubixi.sol,0,0,0,0,280.74,OK,0.4.15,0,0,0,0,results/mythril/sbc/raw_json/rubixi.json
send_loop.sol,0,0,0,1,9.38,OK,0.4.24,0,0,0,1,results/mythril/sbc/raw_json/send_loop.json
short_address_example.sol,0,0,0,0,14.49,OK,0.4.11,0,0,0,0,results/mythril/sbc/raw_json/short_address_example.json
simple_dao.sol,1,0,0,0,162.98,OK,0.4.26,3,0,0,0,results/mythril/sbc/raw_json/simple_dao.json
simple_suicide.sol,0,0,0,0,3.85,OK,0.4.26,0,0,0,0,results/mythril/sbc/raw_json/simple_suicide.json
smart_billions.sol,0,1,0,0,655.09,OK,0.4.13,0,2,0,0,results/mythril/sbc/raw_json/smart_billions.json
spank_chain_payment.sol,0,0,0,0,0,OK,0.4.23,0,0,0,0,results/mythril/sbc/raw_json_verify/spank_chain_payment.json
timed_crowdsale.sol,0,0,0,0,3.6,OK,0.4.25,0,0,0,0,results/mythril/sbc/raw_json/timed_crowdsale.json
timelock.sol,0,1,1,1,157.31,OK,0.4.26,0,2,1,1,results/mythril/sbc/raw_json/timelock.json
token.sol,0,1,0,0,15.43,OK,0.4.18,0,3,0,0,results/mythril/sbc/raw_json/token.json
tokensalechallenge.sol,0,1,0,0,303.63,OK,0.4.21,0,1,0,0,results/mythril/sbc/raw_json/tokensalechallenge.json
unchecked_return_value.sol,1,0,0,0,16.09,OK,0.4.25,2,0,0,0,results/mythril/sbc/raw_json/unchecked_return_value.json
unprotected0.sol,0,0,0,0,5.77,OK,0.4.15,0,0,0,0,results/mythril/sbc/raw_json/unprotected0.json
wallet_02_refund_nosub.sol,0,0,0,1,307.82,OK,0.4.24,0,0,0,1,results/mythril/sbc/raw_json/wallet_02_refund_nosub.json
wallet_03_wrong_constructor.sol,0,0,0,1,305.35,OK,0.4.24,0,0,0,1,results/mythril/sbc/raw_json/wallet_03_wrong_constructor.json
wallet_04_confused_sign.sol,0,1,0,0,305.06,OK,0.4.24,0,1,0,0,results/mythril/sbc/raw_json/wallet_04_confused_sign.json
