"filename","vulnerability","ground_truth","slither_flagged","detectors_hit","solc_version","exit_code","status","duration_s"
"18430.sol","reentrancy",0,1,"reentrancy-eth","0.4.26",255,"FP",1.6
"18438.sol","reentrancy",0,0,"none","0.4.26",255,"TN",1.46
"18771.sol","reentrancy",0,0,"none","0.4.26",255,"TN",1.44
"19128.sol","reentrancy",0,0,"none","0.4.26",255,"TN",1.47
"19129.sol","reentrancy",0,0,"none","0.4.26",255,"TN",1.6
"19925.sol","reentrancy",0,0,"none","0.4.26",255,"TN",1.21
"21241.sol","reentrancy",0,0,"none","0.4.26",255,"TN",0.93
"21697.sol","reentrancy",0,0,"none","0.4.26",255,"TN",1.15
"21886.sol","reentrancy",0,0,"none","0.4.26",255,"TN",0.73
"22075.sol","reentrancy",0,0,"none","0.4.26",255,"TN",0.75
"22635.sol","reentrancy",0,0,"none","0.4.26",255,"TN",0.68
"22636.sol","reentrancy",0,0,"none","0.4.26",255,"TN",1.11
"23792.sol","reentrancy",0,0,"none","0.4.26",255,"TN",0.91
"23793.sol","reentrancy",0,0,"none","0.4.26",255,"TN",0.77
"24196.sol","reentrancy",0,0,"none","0.4.26",255,"TN",0.86
"24369.sol","reentrancy",0,0,"none","0.4.26",255,"TN",0.82
"24648.sol","reentrancy",0,0,"none","0.4.26",255,"TN",0.92
"24649.sol","reentrancy",0,0,"none","0.4.26",255,"TN",0.77
"25808.sol","reentrancy",0,0,"none","0.4.26",255,"TN",0.93
"26188.sol","reentrancy",0,0,"none","0.4.26",255,"TN",0.85
"27121.sol","reentrancy",0,0,"none","0.4.26",255,"TN",1.48
"27159.sol","reentrancy",0,0,"none","0.4.26",255,"TN",1.07
"27164.sol","reentrancy",0,0,"none","0.4.26",255,"TN",0.74
"27263.sol","reentrancy",0,0,"none","0.4.26",255,"TN",0.87
"27327.sol","reentrancy",0,0,"none","0.4.26",255,"TN",0.82
"27334.sol","reentrancy",0,0,"none","0.4.26",255,"TN",0.94
"27603.sol","reentrancy",0,0,"none","0.4.26",255,"TN",0.65
"28974.sol","reentrancy",0,0,"none","0.4.26",255,"TN",0.7
"29090.sol","reentrancy",0,1,"reentrancy-eth","0.4.26",255,"FP",0.71
"29130.sol","reentrancy",0,0,"none","0.4.26",255,"TN",1.01
"29154.sol","reentrancy",0,0,"none","0.4.26",255,"TN",0.77
"29590.sol","reentrancy",0,0,"none","0.4.26",255,"TN",0.96
"29948.sol","reentrancy",0,0,"none","0.4.26",255,"TN",0.85
"29983.sol","reentrancy",0,0,"none","0.4.26",255,"TN",1.12
"3.sol","reentrancy",0,0,"none","0.4.26",255,"TN",0.9
"30046.sol","reentrancy",0,0,"none","0.4.26",255,"TN",1.13
"30101.sol","reentrancy",0,0,"none","0.4.26",255,"TN",1.06
"30102.sol","reentrancy",0,0,"none","0.4.26",255,"TN",0.97
"30254.sol","reentrancy",0,0,"none","0.4.26",255,"TN",0.81
"30255.sol","reentrancy",0,0,"none","0.4.26",255,"TN",0.94
"30337.sol","reentrancy",0,0,"none","0.4.26",255,"TN",0.95
"30338.sol","reentrancy",0,0,"none","0.4.26",255,"TN",1.06
"30460.sol","reentrancy",0,0,"none","0.4.26",255,"TN",1.11
"31237.sol","reentrancy",0,0,"none","0.4.26",255,"TN",0.84
"31238.sol","reentrancy",0,0,"none","0.4.26",255,"TN",0.8
"31497.sol","reentrancy",0,0,"none","0.4.26",255,"TN",0.67
"31565.sol","reentrancy",0,0,"none","0.4.26",255,"TN",0.7
"31759.sol","reentrancy",0,0,"none","0.4.26",255,"TN",0.77
"32522.sol","reentrancy",0,0,"none","0.4.26",255,"TN",1.03
"33450.sol","reentrancy",0,0,"none","0.4.26",255,"TN",1.14
"33512.sol","reentrancy",0,0,"none","0.4.26",255,"TN",0.82
"34432.sol","reentrancy",0,0,"none","0.4.26",255,"TN",0.72
"34526.sol","reentrancy",0,0,"none","0.4.26",255,"TN",1.06
"34668.sol","reentrancy",0,0,"none","0.4.26",255,"TN",0.93
"34904.sol","reentrancy",0,0,"none","0.4.26",255,"TN",0.78
"35208.sol","reentrancy",0,0,"none","0.4.26",255,"TN",0.97
"35661.sol","reentrancy",0,0,"none","0.4.26",255,"TN",1.28
"35662.sol","reentrancy",0,0,"none","0.4.26",255,"TN",0.96
"35713.sol","reentrancy",0,0,"none","0.4.26",255,"TN",0.8
"35714.sol","reentrancy",0,0,"none","0.4.26",255,"TN",0.68
"35806.sol","reentrancy",0,0,"none","0.4.26",255,"TN",0.83
"35807.sol","reentrancy",0,0,"none","0.4.26",255,"TN",1.27
"35878.sol","reentrancy",0,0,"none","0.4.26",255,"TN",1.01
"35951.sol","reentrancy",0,0,"none","0.4.26",255,"TN",0.96
"36456.sol","reentrancy",0,0,"none","0.4.26",255,"TN",0.82
"36481.sol","reentrancy",0,0,"none","0.4.26",255,"TN",1.3
"36563.sol","reentrancy",0,0,"none","0.4.26",255,"TN",1.09
"36668.sol","reentrancy",0,0,"none","0.4.26",255,"TN",0.73
"36836.sol","reentrancy",0,0,"none","0.4.26",255,"TN",0.8
"37474.sol","reentrancy",0,0,"none","0.4.26",255,"TN",1.03
"37499.sol","reentrancy",0,0,"none","0.4.26",255,"TN",0.81
"37645.sol","reentrancy",0,0,"none","0.4.26",255,"TN",0.68
"37646.sol","reentrancy",0,0,"none","0.4.26",255,"TN",1.32
"37676.sol","reentrancy",0,0,"none","0.4.26",255,"TN",0.88
"37708.sol","reentrancy",0,1,"reentrancy-benign|reentrancy-eth","0.4.26",255,"FP",0.79
"37836.sol","reentrancy",0,0,"none","0.4.26",255,"TN",1.0
"37891.sol","reentrancy",0,0,"none","0.4.26",255,"TN",0.76
"38057.sol","reentrancy",0,0,"none","0.4.26",255,"TN",0.94
"38250.sol","reentrancy",0,0,"none","0.4.26",255,"TN",0.7
"38420.sol","reentrancy",0,0,"none","0.4.26",255,"TN",0.7
"38543.sol","reentrancy",0,0,"none","0.4.26",255,"TN",0.95
"38651.sol","reentrancy",0,0,"none","0.4.26",255,"TN",0.81
"38828.sol","reentrancy",0,0,"none","0.4.26",255,"TN",0.96
"38876.sol","reentrancy",0,0,"none","0.4.26",255,"TN",0.83
"38888.sol","reentrancy",0,0,"none","0.4.26",255,"TN",1.05
"39032.sol","reentrancy",0,0,"none","0.4.26",255,"TN",0.85
"39151.sol","reentrancy",0,0,"none","0.4.26",255,"TN",0.77
"39199.sol","reentrancy",0,0,"none","0.4.26",255,"TN",1.11
"39248.sol","reentrancy",0,0,"none","0.4.26",255,"TN",0.95
"39268.sol","reentrancy",0,0,"none","0.4.26",1,"COMPILE_ERROR",0.79
"39327.sol","reentrancy",0,1,"reentrancy-eth","0.4.26",255,"FP",0.79
"39341.sol","reentrancy",0,0,"none","0.4.26",255,"TN",0.8
"39644.sol","reentrancy",0,0,"none","0.4.26",255,"TN",1.15
"39664.sol","reentrancy",0,0,"none","0.4.26",255,"TN",0.79
"39684.sol","reentrancy",0,0,"none","0.4.26",255,"TN",0.63
"39705.sol","reentrancy",0,0,"none","0.4.26",255,"TN",0.64
"39749.sol","reentrancy",0,0,"none","0.4.26",255,"TN",0.82
"39750.sol","reentrancy",0,0,"none","0.4.26",255,"TN",0.88
"39777.sol","reentrancy",0,1,"reentrancy-benign|reentrancy-eth","0.4.26",255,"FP",1.0
"39817.sol","reentrancy",0,0,"none","0.4.26",255,"TN",1.16
"39867.sol","reentrancy",0,1,"reentrancy-benign","0.4.26",255,"FP",0.93
"39912.sol","reentrancy",0,0,"none","0.4.26",255,"TN",1.19
"39934.sol","reentrancy",0,0,"none","0.4.26",255,"TN",0.82
"4.sol","reentrancy",0,0,"none","0.4.26",255,"TN",0.78
"40089.sol","reentrancy",0,0,"none","0.4.26",255,"TN",0.82
"40090.sol","reentrancy",0,0,"none","0.4.26",255,"TN",0.72
"40092.sol","reentrancy",0,0,"none","0.4.26",255,"TN",1.25
"40203.sol","reentrancy",0,0,"none","0.4.26",255,"TN",0.87
"40242.sol","reentrancy",0,0,"none","0.4.26",255,"TN",0.8
"40249.sol","reentrancy",0,0,"none","0.4.26",255,"TN",1.11
"40299.sol","reentrancy",0,0,"none","0.4.26",255,"TN",0.75
"40336.sol","reentrancy",0,0,"none","0.4.26",255,"TN",0.91
"40340.sol","reentrancy",0,0,"none","0.4.26",255,"TN",0.73
"40342.sol","reentrancy",0,0,"none","0.4.26",255,"TN",1.21
"40353.sol","reentrancy",0,0,"none","0.4.26",255,"TN",1.04
"40357.sol","reentrancy",0,0,"none","0.4.26",255,"TN",0.85
"40366.sol","reentrancy",0,0,"none","0.4.26",255,"TN",1.01
"40413.sol","reentrancy",0,0,"none","0.4.26",255,"TN",1.0
"40425.sol","reentrancy",0,0,"none","0.4.26",255,"TN",0.79
"40500.sol","reentrancy",0,0,"none","0.4.26",255,"TN",0.77
"40720.sol","reentrancy",0,0,"none","0.4.26",255,"TN",0.75
"40733.sol","reentrancy",0,0,"none","0.4.26",255,"TN",0.91
"40734.sol","reentrancy",0,0,"none","0.4.26",255,"TN",1.21
"40737.sol","reentrancy",0,0,"none","0.4.26",255,"TN",0.84
"40741.sol","reentrancy",0,0,"none","0.4.26",255,"TN",0.78
"40750.sol","reentrancy",0,0,"none","0.4.26",255,"TN",0.95
"40751.sol","reentrancy",0,0,"none","0.4.26",255,"TN",1.13
"40752.sol","reentrancy",0,0,"none","0.4.26",255,"TN",1.01
"40759.sol","reentrancy",0,0,"none","0.4.26",255,"TN",0.73
"40760.sol","reentrancy",0,0,"none","0.4.26",255,"TN",0.77
"40763.sol","reentrancy",0,0,"none","0.4.26",255,"TN",0.75
"40766.sol","reentrancy",0,0,"none","0.4.26",255,"TN",1.17
"40768.sol","reentrancy",0,0,"none","0.4.26",255,"TN",0.7
"40771.sol","reentrancy",0,0,"none","0.4.26",255,"TN",0.63
"40774.sol","reentrancy",0,0,"none","0.4.26",255,"TN",0.88
"40778.sol","reentrancy",0,0,"none","0.4.26",255,"TN",1.14
"40782.sol","reentrancy",0,0,"none","0.4.26",255,"TN",0.77
"40783.sol","reentrancy",0,0,"none","0.4.26",255,"TN",0.99
"40786.sol","reentrancy",0,0,"none","0.4.26",255,"TN",0.88
"40788.sol","reentrancy",0,0,"none","0.4.26",255,"TN",0.81
"50000.sol","reentrancy",0,0,"none","0.4.26",255,"TN",0.96
"50001.sol","reentrancy",0,0,"none","0.4.26",255,"TN",1.0
"50007.sol","reentrancy",0,1,"reentrancy-benign|reentrancy-eth","0.4.26",255,"FP",1.1
"50027.sol","reentrancy",0,0,"none","0.4.26",255,"TN",0.91
"50028.sol","reentrancy",0,0,"none","0.4.26",255,"TN",0.82
"50029.sol","reentrancy",0,0,"none","0.4.26",255,"TN",0.81
"50030.sol","reentrancy",0,1,"reentrancy-eth","0.4.26",255,"FP",0.72
"50031.sol","reentrancy",0,1,"reentrancy-eth","0.4.26",255,"FP",1.0
"50032.sol","reentrancy",0,1,"reentrancy-eth","0.4.26",255,"FP",1.1
"50033.sol","reentrancy",0,0,"none","0.4.26",255,"TN",1.07
"50034.sol","reentrancy",0,0,"none","0.4.26",255,"TN",0.96
"50035.sol","reentrancy",0,1,"reentrancy-eth","0.4.26",255,"FP",0.97
"50036.sol","reentrancy",0,1,"reentrancy-eth","0.4.26",255,"FP",0.76
"18509.sol","reentrancy",1,1,"reentrancy-benign","0.4.26",255,"TP",0.67
"18510.sol","reentrancy",1,1,"reentrancy-benign","0.4.26",255,"TP",0.8
"22074.sol","reentrancy",1,0,"none","0.4.26",255,"FN",0.81
"22247.sol","reentrancy",1,1,"reentrancy-eth","0.4.26",255,"TP",0.88
"22416.sol","reentrancy",1,1,"reentrancy-eth","0.4.26",255,"TP",0.92
"24161.sol","reentrancy",1,1,"reentrancy-eth","0.4.26",255,"TP",1.04
"26742.sol","reentrancy",1,1,"reentrancy-eth","0.4.26",255,"TP",0.77
"26743.sol","reentrancy",1,1,"reentrancy-eth","0.4.26",255,"TP",0.7
"29089.sol","reentrancy",1,1,"reentrancy-eth","0.4.26",255,"TP",0.98
"37707.sol","reentrancy",1,1,"reentrancy-benign|reentrancy-eth","0.4.26",255,"TP",1.11
"39019.sol","reentrancy",1,1,"reentrancy-benign","0.4.26",255,"TP",1.18
"39269.sol","reentrancy",1,1,"reentrancy-benign","0.4.26",255,"TP",0.87
"39778.sol","reentrancy",1,1,"reentrancy-benign|reentrancy-eth","0.4.26",255,"TP",1.2
"39866.sol","reentrancy",1,1,"reentrancy-benign","0.4.26",255,"TP",1.06
"40415.sol","reentrancy",1,1,"reentrancy-eth","0.4.26",255,"TP",1.26
"40499.sol","reentrancy",1,1,"reentrancy-eth","0.4.26",255,"TP",0.94
"40732.sol","reentrancy",1,1,"reentrancy-eth","0.4.26",255,"TP",1.18
"40735.sol","reentrancy",1,1,"reentrancy-eth","0.4.26",255,"TP",0.85
"40736.sol","reentrancy",1,1,"reentrancy-eth","0.4.26",255,"TP",1.17
"40742.sol","reentrancy",1,1,"reentrancy-eth","0.4.26",255,"TP",0.76
"40745.sol","reentrancy",1,1,"reentrancy-eth","0.4.26",255,"TP",0.77
"40746.sol","reentrancy",1,1,"reentrancy-eth","0.4.26",255,"TP",0.97
"40747.sol","reentrancy",1,1,"reentrancy-eth","0.4.26",255,"TP",0.88
"40748.sol","reentrancy",1,1,"reentrancy-benign","0.4.26",255,"TP",1.03
"40749.sol","reentrancy",1,1,"reentrancy-eth","0.4.26",255,"TP",0.91
"40753.sol","reentrancy",1,1,"reentrancy-eth","0.4.26",255,"TP",0.8
"40754.sol","reentrancy",1,1,"reentrancy-eth","0.4.26",255,"TP",0.93
"40755.sol","reentrancy",1,1,"reentrancy-eth","0.4.26",255,"TP",0.99
"40756.sol","reentrancy",1,1,"reentrancy-eth","0.4.26",255,"TP",1.19
"40757.sol","reentrancy",1,1,"reentrancy-eth","0.4.26",255,"TP",0.94
"40758.sol","reentrancy",1,1,"reentrancy-eth","0.4.26",255,"TP",0.76
"40761.sol","reentrancy",1,1,"reentrancy-eth","0.4.26",255,"TP",0.98
"40762.sol","reentrancy",1,1,"reentrancy-eth","0.4.26",255,"TP",0.94
"40764.sol","reentrancy",1,1,"reentrancy-eth","0.4.26",255,"TP",0.81
"40765.sol","reentrancy",1,1,"reentrancy-eth","0.4.26",255,"TP",0.84
"40770.sol","reentrancy",1,1,"reentrancy-benign|reentrancy-eth","0.4.26",255,"TP",0.79
"40772.sol","reentrancy",1,1,"reentrancy-eth","0.4.26",255,"TP",1.04
"40775.sol","reentrancy",1,1,"reentrancy-benign","0.4.26",255,"TP",0.74
"40776.sol","reentrancy",1,1,"reentrancy-eth","0.4.26",255,"TP",0.77
"40777.sol","reentrancy",1,1,"reentrancy-eth","0.4.26",255,"TP",0.88
"40779.sol","reentrancy",1,1,"reentrancy-eth","0.4.26",255,"TP",1.32
"40780.sol","reentrancy",1,1,"reentrancy-eth","0.4.26",255,"TP",1.24
"40781.sol","reentrancy",1,1,"reentrancy-eth","0.4.26",255,"TP",0.82
"40784.sol","reentrancy",1,1,"reentrancy-eth","0.4.26",255,"TP",1.01
"40785.sol","reentrancy",1,1,"reentrancy-eth","0.4.26",255,"TP",1.03
"40787.sol","reentrancy",1,1,"reentrancy-eth","0.4.26",255,"TP",0.88
"40789.sol","reentrancy",1,1,"reentrancy-eth","0.4.26",255,"TP",0.71
"50002.sol","reentrancy",1,1,"reentrancy-eth","0.4.26",255,"TP",0.67
"50003.sol","reentrancy",1,1,"reentrancy-eth","0.4.26",255,"TP",0.77
"50005.sol","reentrancy",1,1,"reentrancy-eth","0.4.26",255,"TP",1.16
"50006.sol","reentrancy",1,1,"reentrancy-eth","0.4.26",255,"TP",1.01
"50008.sol","reentrancy",1,1,"reentrancy-benign|reentrancy-eth","0.4.26",255,"TP",0.7
"50009.sol","reentrancy",1,1,"reentrancy-eth","0.4.26",255,"TP",0.93
"50010.sol","reentrancy",1,1,"reentrancy-eth","0.4.26",255,"TP",1.05
"50011.sol","reentrancy",1,1,"reentrancy-eth","0.4.26",255,"TP",0.77
"50013.sol","reentrancy",1,1,"reentrancy-eth","0.4.26",255,"TP",0.74
"50014.sol","reentrancy",1,1,"reentrancy-benign","0.4.26",255,"TP",0.74
"50015.sol","reentrancy",1,1,"reentrancy-eth","0.4.26",255,"TP",0.83
"50016.sol","reentrancy",1,1,"reentrancy-eth","0.4.26",255,"TP",1.18
"50017.sol","reentrancy",1,1,"reentrancy-eth","0.4.26",255,"TP",0.67
"50018.sol","reentrancy",1,1,"reentrancy-eth","0.4.26",255,"TP",0.78
"50019.sol","reentrancy",1,1,"reentrancy-eth","0.4.26",255,"TP",1.0
"50020.sol","reentrancy",1,1,"reentrancy-eth","0.4.26",255,"TP",0.69
"50021.sol","reentrancy",1,1,"reentrancy-eth","0.4.26",255,"TP",0.91
"50022.sol","reentrancy",1,1,"reentrancy-eth","0.4.26",255,"TP",1.28
"50023.sol","reentrancy",1,1,"reentrancy-eth","0.4.26",255,"TP",1.01
"50024.sol","reentrancy",1,1,"reentrancy-eth","0.4.26",255,"TP",0.8
"50025.sol","reentrancy",1,1,"reentrancy-eth","0.4.26",255,"TP",0.77
"50026.sol","reentrancy",1,1,"reentrancy-eth","0.4.26",255,"TP",0.8
"1.sol","overflow",0,-1,"none","0.4.26",255,"N/A",0.94
"10146.sol","overflow",0,-1,"none","0.4.26",255,"N/A",0.85
"10369.sol","overflow",0,-1,"none","0.4.26",255,"N/A",0.77
"10971.sol","overflow",0,-1,"none","0.4.26",255,"N/A",0.84
"11243.sol","overflow",0,-1,"none","0.4.26",255,"N/A",0.93
"11323.sol","overflow",0,-1,"none","0.4.26",255,"N/A",0.73
"11931.sol","overflow",0,-1,"none","0.4.26",255,"N/A",0.71
"124.sol","overflow",0,-1,"none","0.4.26",255,"N/A",0.77
"1246.sol","overflow",0,-1,"none","0.4.26",255,"N/A",0.87
"1288.sol","overflow",0,-1,"none","0.4.26",255,"N/A",1.02
"1319.sol","overflow",0,-1,"none","0.4.26",255,"N/A",0.94
"134.sol","overflow",0,-1,"none","0.4.26",255,"N/A",0.74
"135.sol","overflow",0,-1,"none","0.4.26",255,"N/A",1.27
"136.sol","overflow",0,-1,"none","0.4.26",255,"N/A",0.97
"1430.sol","overflow",0,-1,"none","0.4.26",255,"N/A",0.69
"14351.sol","overflow",0,-1,"none","0.4.26",255,"N/A",0.67
"14353.sol","overflow",0,-1,"none","0.4.26",255,"N/A",0.8
"14381.sol","overflow",0,-1,"none","0.4.26",255,"N/A",0.79
"14620.sol","overflow",0,-1,"none","0.4.26",255,"N/A",0.64
"15.sol","overflow",0,-1,"none","0.4.26",255,"N/A",0.69
"16018.sol","overflow",0,-1,"none","0.4.26",255,"N/A",0.64
"1631.sol","overflow",0,-1,"none","0.4.26",255,"N/A",1.14
"16521.sol","overflow",0,-1,"none","0.4.26",255,"N/A",0.74
"16643.sol","overflow",0,-1,"none","0.4.26",255,"N/A",0.87
"1668.sol","overflow",0,-1,"none","0.4.26",255,"N/A",0.67
"169.sol","overflow",0,-1,"none","0.4.26",255,"N/A",0.7
"16925.sol","overflow",0,-1,"none","0.4.26",255,"N/A",0.96
"17043.sol","overflow",0,-1,"none","0.4.26",255,"N/A",0.99
"176.sol","overflow",0,-1,"none","0.4.26",255,"N/A",0.74
"177.sol","overflow",0,-1,"none","0.4.26",255,"N/A",0.89
"17829.sol","overflow",0,-1,"none","0.4.26",255,"N/A",0.92
"19128.sol","overflow",0,-1,"none","0.4.26",255,"N/A",0.91
"2000.sol","overflow",0,-1,"none","0.4.26",255,"N/A",0.9
"2051.sol","overflow",0,-1,"none","0.4.26",255,"N/A",0.74
"21393.sol","overflow",0,-1,"none","0.4.26",255,"N/A",0.69
"21404.sol","overflow",0,-1,"none","0.4.26",255,"N/A",0.83
"21697.sol","overflow",0,-1,"none","0.4.26",255,"N/A",0.73
"22247.sol","overflow",0,-1,"none","0.4.26",255,"N/A",0.73
"22635.sol","overflow",0,-1,"none","0.4.26",255,"N/A",0.66
"2307.sol","overflow",0,-1,"none","0.4.26",255,"N/A",0.72
"2397.sol","overflow",0,-1,"none","0.4.26",255,"N/A",1.32
"24161.sol","overflow",0,-1,"none","0.4.26",255,"N/A",0.78
"26188.sol","overflow",0,-1,"none","0.4.26",255,"N/A",0.74
"26742.sol","overflow",0,-1,"none","0.4.26",255,"N/A",1.17
"27263.sol","overflow",0,-1,"none","0.4.26",255,"N/A",1.03
"29130.sol","overflow",0,-1,"none","0.4.26",255,"N/A",0.83
"30101.sol","overflow",0,-1,"none","0.4.26",255,"N/A",1.03
"30337.sol","overflow",0,-1,"none","0.4.26",255,"N/A",1.14
"30396.sol","overflow",0,-1,"none","0.4.26",255,"N/A",0.77
"30813.sol","overflow",0,-1,"none","0.4.26",255,"N/A",0.8
"30815.sol","overflow",0,-1,"none","0.4.26",255,"N/A",0.69
"31497.sol","overflow",0,-1,"none","0.4.26",255,"N/A",0.8
"31759.sol","overflow",0,-1,"none","0.4.26",255,"N/A",0.83
"318.sol","overflow",0,-1,"none","0.4.26",255,"N/A",0.68
"3185.sol","overflow",0,-1,"none","0.4.26",255,"N/A",0.69
"3211.sol","overflow",0,-1,"none","0.4.26",255,"N/A",0.74
"32175.sol","overflow",0,-1,"none","0.4.26",255,"N/A",0.82
"32522.sol","overflow",0,-1,"none","0.4.26",255,"N/A",0.74
"3270.sol","overflow",0,-1,"none","0.4.26",255,"N/A",0.83
"339.sol","overflow",0,-1,"none","0.4.26",255,"N/A",0.71
"34442.sol","overflow",0,-1,"none","0.4.26",255,"N/A",1.23
"35285.sol","overflow",0,-1,"none","0.4.26",255,"N/A",0.86
"3554.sol","overflow",0,-1,"none","0.4.26",255,"N/A",0.96
"35661.sol","overflow",0,-1,"none","0.4.26",255,"N/A",0.79
"35713.sol","overflow",0,-1,"none","0.4.26",255,"N/A",1.39
"3654.sol","overflow",0,-1,"none","0.4.26",255,"N/A",0.96
"37891.sol","overflow",0,-1,"none","0.4.26",255,"N/A",0.76
"38828.sol","overflow",0,-1,"none","0.4.26",255,"N/A",0.71
"38876.sol","overflow",0,-1,"none","0.4.26",255,"N/A",1.06
"38925.sol","overflow",0,-1,"none","0.4.26",255,"N/A",0.94
"39095.sol","overflow",0,-1,"none","0.4.26",255,"N/A",0.74
"39151.sol","overflow",0,-1,"none","0.4.26",255,"N/A",0.96
"39199.sol","overflow",0,-1,"none","0.4.26",255,"N/A",0.89
"39268.sol","overflow",0,-1,"none","0.4.26",1,"COMPILE_ERROR",0.83
"39341.sol","overflow",0,-1,"none","0.4.26",255,"N/A",0.78
"39559.sol","overflow",0,-1,"none","0.4.26",255,"N/A",0.67
"39583.sol","overflow",0,-1,"none","0.4.26",255,"N/A",0.91
"39644.sol","overflow",0,-1,"none","0.4.26",255,"N/A",0.87
"39684.sol","overflow",0,-1,"none","0.4.26",255,"N/A",0.72
"39705.sol","overflow",0,-1,"none","0.4.26",255,"N/A",0.85
"39817.sol","overflow",0,-1,"none","0.4.26",255,"N/A",0.81
"400.sol","overflow",0,-1,"none","0.4.26",255,"N/A",0.93
"40089.sol","overflow",0,-1,"none","0.4.26",255,"N/A",0.85
"40252.sol","overflow",0,-1,"none","0.4.26",255,"N/A",0.8
"40366.sol","overflow",0,-1,"none","0.4.26",255,"N/A",0.94
"40413.sol","overflow",0,-1,"none","0.4.26",255,"N/A",0.98
"40425.sol","overflow",0,-1,"none","0.4.26",255,"N/A",0.73
"40500.sol","overflow",0,-1,"none","0.4.26",255,"N/A",0.83
"40732.sol","overflow",0,-1,"none","0.4.26",255,"N/A",1.01
"40733.sol","overflow",0,-1,"none","0.4.26",255,"N/A",0.95
"40735.sol","overflow",0,-1,"none","0.4.26",255,"N/A",0.66
"40749.sol","overflow",0,-1,"none","0.4.26",255,"N/A",1.09
"40750.sol","overflow",0,-1,"none","0.4.26",255,"N/A",1.14
"40753.sol","overflow",0,-1,"none","0.4.26",255,"N/A",1.24
"40760.sol","overflow",0,-1,"none","0.4.26",255,"N/A",1.08
"40768.sol","overflow",0,-1,"none","0.4.26",255,"N/A",0.72
"44.sol","overflow",0,-1,"none","0.4.26",255,"N/A",0.77
"4474.sol","overflow",0,-1,"none","0.4.26",255,"N/A",0.76
"4523.sol","overflow",0,-1,"none","0.4.26",255,"N/A",0.68
"4598.sol","overflow",0,-1,"none","0.4.26",255,"N/A",0.75
"4926.sol","overflow",0,-1,"none","0.4.26",255,"N/A",1.09
"496.sol","overflow",0,-1,"none","0.4.26",255,"N/A",0.7
"4993.sol","overflow",0,-1,"none","0.4.26",255,"N/A",0.68
"50000.sol","overflow",0,-1,"none","0.4.26",255,"N/A",0.74
"50001.sol","overflow",0,-1,"none","0.4.26",255,"N/A",1.01
"50013.sol","overflow",0,-1,"none","0.4.26",255,"N/A",0.76
"50015.sol","overflow",0,-1,"none","0.4.26",255,"N/A",0.7
"50021.sol","overflow",0,-1,"none","0.4.26",255,"N/A",0.86
"50026.sol","overflow",0,-1,"none","0.4.26",255,"N/A",0.86
"50027.sol","overflow",0,-1,"none","0.4.26",255,"N/A",0.76
"50030.sol","overflow",0,-1,"none","0.4.26",255,"N/A",0.65
"50215.sol","overflow",0,-1,"none","0.4.26",255,"N/A",1.04
"50217.sol","overflow",0,-1,"none","0.4.26",255,"N/A",0.78
"50221.sol","overflow",0,-1,"none","0.4.26",255,"N/A",1.13
"50330.sol","overflow",0,-1,"none","0.4.26",255,"N/A",0.89
"50331.sol","overflow",0,-1,"none","0.4.26",255,"N/A",1.08
"50336.sol","overflow",0,-1,"none","0.4.26",255,"N/A",1.45
"50337.sol","overflow",0,-1,"none","0.4.26",255,"N/A",1.52
"50338.sol","overflow",0,-1,"none","0.4.26",255,"N/A",1.44
"50339.sol","overflow",0,-1,"none","0.4.26",255,"N/A",1.17
"50440.sol","overflow",0,-1,"none","0.4.26",255,"N/A",1.22
"50441.sol","overflow",0,-1,"none","0.4.26",255,"N/A",1.33
"50442.sol","overflow",0,-1,"none","0.4.26",255,"N/A",1.16
"50444.sol","overflow",0,-1,"none","0.4.26",255,"N/A",0.94
"50445.sol","overflow",0,-1,"none","0.4.26",255,"N/A",0.83
"50446.sol","overflow",0,-1,"none","0.4.26",255,"N/A",0.62
"50447.sol","overflow",0,-1,"none","0.4.26",255,"N/A",0.68
"50449.sol","overflow",0,-1,"none","0.4.26",255,"N/A",0.64
"50550.sol","overflow",0,-1,"none","0.4.26",255,"N/A",0.98
"50551.sol","overflow",0,-1,"none","0.4.26",255,"N/A",0.69
"50553.sol","overflow",0,-1,"none","0.4.26",255,"N/A",0.64
"50554.sol","overflow",0,-1,"none","0.4.26",255,"N/A",0.81
"50555.sol","overflow",0,-1,"none","0.4.26",255,"N/A",0.69
"50557.sol","overflow",0,-1,"none","0.4.26",255,"N/A",0.66
"50558.sol","overflow",0,-1,"none","0.4.26",255,"N/A",0.63
"50559.sol","overflow",0,-1,"none","0.4.26",255,"N/A",0.65
"50660.sol","overflow",0,-1,"none","0.4.26",255,"N/A",0.86
"50661.sol","overflow",0,-1,"none","0.4.26",255,"N/A",0.85
"50662.sol","overflow",0,-1,"none","0.4.26",255,"N/A",0.73
"50663.sol","overflow",0,-1,"none","0.4.26",255,"N/A",0.73
"50664.sol","overflow",0,-1,"none","0.4.26",255,"N/A",0.93
"50665.sol","overflow",0,-1,"none","0.4.26",255,"N/A",0.67
"50666.sol","overflow",0,-1,"none","0.4.26",255,"N/A",0.64
"50668.sol","overflow",0,-1,"none","0.4.26",255,"N/A",0.62
"50669.sol","overflow",0,-1,"none","0.4.26",255,"N/A",0.79
"50770.sol","overflow",0,-1,"none","0.4.26",255,"N/A",0.72
"50771.sol","overflow",0,-1,"none","0.4.26",255,"N/A",0.7
"50773.sol","overflow",0,-1,"none","0.4.26",255,"N/A",0.75
"50774.sol","overflow",0,-1,"none","0.4.26",255,"N/A",0.73
"50775.sol","overflow",0,-1,"none","0.4.26",255,"N/A",0.88
"50776.sol","overflow",0,-1,"none","0.4.26",255,"N/A",1.01
"50777.sol","overflow",0,-1,"none","0.4.26",255,"N/A",1.12
"50778.sol","overflow",0,-1,"none","0.4.26",255,"N/A",1.2
"50779.sol","overflow",0,-1,"none","0.4.26",255,"N/A",1.29
"50780.sol","overflow",0,-1,"none","0.4.26",255,"N/A",0.96
"50781.sol","overflow",0,-1,"none","0.4.26",255,"N/A",0.68
"50782.sol","overflow",0,-1,"none","0.4.26",255,"N/A",0.68
"50783.sol","overflow",0,-1,"none","0.4.26",255,"N/A",0.69
"50784.sol","overflow",0,-1,"none","0.4.26",255,"N/A",0.64
"50785.sol","overflow",0,-1,"none","0.4.26",255,"N/A",0.61
"50786.sol","overflow",0,-1,"none","0.4.26",255,"N/A",0.71
"50787.sol","overflow",0,-1,"none","0.4.26",255,"N/A",0.83
"50788.sol","overflow",0,-1,"none","0.4.26",255,"N/A",0.61
"50789.sol","overflow",0,-1,"none","0.4.26",255,"N/A",0.69
"50791.sol","overflow",0,-1,"none","0.4.26",255,"N/A",0.75
"50792.sol","overflow",0,-1,"none","0.4.26",255,"N/A",0.86
"50793.sol","overflow",0,-1,"none","0.4.26",255,"N/A",0.78
"50794.sol","overflow",0,-1,"none","0.4.26",255,"N/A",0.61
"50795.sol","overflow",0,-1,"none","0.4.26",255,"N/A",0.6
"50798.sol","overflow",0,-1,"none","0.4.26",255,"N/A",0.69
"538.sol","overflow",0,-1,"none","0.4.26",255,"N/A",0.59
"5629.sol","overflow",0,-1,"none","0.4.26",255,"N/A",0.62
"6192.sol","overflow",0,-1,"none","0.4.26",255,"N/A",0.52
"625.sol","overflow",0,-1,"none","0.4.26",255,"N/A",0.55
"649.sol","overflow",0,-1,"none","0.4.26",255,"N/A",0.59
"650.sol","overflow",0,-1,"none","0.4.26",255,"N/A",0.53
"666.sol","overflow",0,-1,"none","0.4.26",255,"N/A",0.52
"7330.sol","overflow",0,-1,"none","0.4.26",255,"N/A",0.49
"737.sol","overflow",0,-1,"none","0.4.26",255,"N/A",0.61
"738.sol","overflow",0,-1,"none","0.4.26",255,"N/A",0.59
"740.sol","overflow",0,-1,"none","0.4.26",255,"N/A",0.54
"7570.sol","overflow",0,-1,"none","0.4.26",255,"N/A",0.5
"797.sol","overflow",0,-1,"none","0.4.26",255,"N/A",0.57
"8026.sol","overflow",0,-1,"none","0.4.26",255,"N/A",0.56
"8342.sol","overflow",0,-1,"none","0.4.26",255,"N/A",0.5
"84.sol","overflow",0,-1,"none","0.4.26",255,"N/A",0.51
"883.sol","overflow",0,-1,"none","0.4.26",255,"N/A",0.47
"8872.sol","overflow",0,-1,"none","0.4.26",255,"N/A",0.57
"9428.sol","overflow",0,-1,"none","0.4.26",255,"N/A",0.49
"1115.sol","overflow",1,-1,"none","0.4.26",255,"N/A",0.47
"1183.sol","overflow",1,-1,"none","0.4.26",255,"N/A",0.43
"12292.sol","overflow",1,-1,"none","0.4.26",255,"N/A",0.51
"12321.sol","overflow",1,-1,"none","0.4.26",255,"N/A",0.54
"12894.sol","overflow",1,-1,"none","0.4.26",255,"N/A",0.52
"12998.sol","overflow",1,-1,"none","0.4.26",255,"N/A",0.43
"1313.sol","overflow",1,-1,"none","0.4.26",255,"N/A",0.46
"13371.sol","overflow",1,-1,"none","0.4.26",255,"N/A",0.55
"14284.sol","overflow",1,-1,"none","0.4.26",255,"N/A",0.49
"14711.sol","overflow",1,-1,"none","0.4.26",255,"N/A",0.46
"14994.sol","overflow",1,-1,"none","0.4.26",255,"N/A",0.51
"1533.sol","overflow",1,-1,"none","0.4.26",255,"N/A",0.57
"16957.sol","overflow",1,-1,"none","0.4.26",255,"N/A",0.53
"170.sol","overflow",1,-1,"none","0.4.26",255,"N/A",0.44
"17401.sol","overflow",1,-1,"none","0.4.26",255,"N/A",0.47
"1813.sol","overflow",1,-1,"none","0.4.26",255,"N/A",0.48
"1825.sol","overflow",1,-1,"none","0.4.26",255,"N/A",0.57
"18509.sol","overflow",1,-1,"none","0.4.26",255,"N/A",0.45
"19925.sol","overflow",1,-1,"none","0.4.26",255,"N/A",0.43
"2.sol","overflow",1,-1,"none","0.4.26",255,"N/A",0.52
"211.sol","overflow",1,-1,"none","0.4.26",255,"N/A",0.59
"21162.sol","overflow",1,-1,"none","0.4.26",255,"N/A",0.54
"21241.sol","overflow",1,-1,"none","0.4.26",255,"N/A",0.52
"22074.sol","overflow",1,-1,"none","0.4.26",255,"N/A",0.53
"22416.sol","overflow",1,-1,"none","0.4.26",255,"N/A",0.64
"2253.sol","overflow",1,-1,"none","0.4.26",255,"N/A",0.56
"23792.sol","overflow",1,-1,"none","0.4.26",255,"N/A",0.52
"2399.sol","overflow",1,-1,"none","0.4.26",255,"N/A",0.54
"24648.sol","overflow",1,-1,"none","0.4.26",255,"N/A",0.62
"2563.sol","overflow",1,-1,"none","0.4.26",255,"N/A",0.64
"29089.sol","overflow",1,-1,"none","0.4.26",255,"N/A",0.59
"29409.sol","overflow",1,-1,"none","0.4.26",255,"N/A",0.57
"3.sol","overflow",1,-1,"none","0.4.26",255,"N/A",0.59
"35358.sol","overflow",1,-1,"none","0.4.26",255,"N/A",0.56
"3543.sol","overflow",1,-1,"none","0.4.26",255,"N/A",0.74
"35806.sol","overflow",1,-1,"none","0.4.26",255,"N/A",0.6
"36481.sol","overflow",1,-1,"none","0.4.26",255,"N/A",0.64
"3702.sol","overflow",1,-1,"none","0.4.26",255,"N/A",0.58
"37707.sol","overflow",1,-1,"none","0.4.26",255,"N/A",0.61
"38057.sol","overflow",1,-1,"none","0.4.26",255,"N/A",0.63
"39019.sol","overflow",1,-1,"none","0.4.26",255,"N/A",0.65
"39778.sol","overflow",1,-1,"none","0.4.26",255,"N/A",0.6
"39866.sol","overflow",1,-1,"none","0.4.26",255,"N/A",0.57
"4.sol","overflow",1,-1,"none","0.4.26",255,"N/A",0.51
"40005.sol","overflow",1,-1,"none","0.4.26",255,"N/A",0.58
"40092.sol","overflow",1,-1,"none","0.4.26",255,"N/A",0.56
"40249.sol","overflow",1,-1,"none","0.4.26",255,"N/A",0.68
"40336.sol","overflow",1,-1,"none","0.4.26",255,"N/A",0.62
"40340.sol","overflow",1,-1,"none","0.4.26",255,"N/A",0.56
"40353.sol","overflow",1,-1,"none","0.4.26",255,"N/A",0.65
"40415.sol","overflow",1,-1,"none","0.4.26",255,"N/A",0.55
"40499.sol","overflow",1,-1,"none","0.4.26",255,"N/A",0.58
"40736.sol","overflow",1,-1,"none","0.4.26",255,"N/A",0.55
"40745.sol","overflow",1,-1,"none","0.4.26",255,"N/A",0.58
"40746.sol","overflow",1,-1,"none","0.4.26",255,"N/A",0.52
"40747.sol","overflow",1,-1,"none","0.4.26",255,"N/A",0.53
"40748.sol","overflow",1,-1,"none","0.4.26",255,"N/A",0.52
"40754.sol","overflow",1,-1,"none","0.4.26",255,"N/A",0.53
"40756.sol","overflow",1,-1,"none","0.4.26",255,"N/A",0.53
"40770.sol","overflow",1,-1,"none","0.4.26",255,"N/A",0.49
"40780.sol","overflow",1,-1,"none","0.4.26",255,"N/A",0.48
"419.sol","overflow",1,-1,"none","0.4.26",255,"N/A",0.52
"42.sol","overflow",1,-1,"none","0.4.26",255,"N/A",0.5
"4832.sol","overflow",1,-1,"none","0.4.26",255,"N/A",0.5
"5.sol","overflow",1,-1,"none","0.4.26",255,"N/A",0.47
"50002.sol","overflow",1,-1,"none","0.4.26",255,"N/A",0.54
"50007.sol","overflow",1,-1,"none","0.4.26",255,"N/A",0.54
"50010.sol","overflow",1,-1,"none","0.4.26",255,"N/A",0.54
"50014.sol","overflow",1,-1,"none","0.4.26",255,"N/A",0.55
"50036.sol","overflow",1,-1,"none","0.4.26",255,"N/A",0.59
"50062.sol","overflow",1,-1,"none","0.4.26",255,"N/A",0.7
"50219.sol","overflow",1,-1,"none","0.4.26",255,"N/A",0.61
"50799.sol","overflow",1,-1,"none","0.4.26",255,"N/A",0.67
"5142.sol","overflow",1,-1,"none","0.4.26",255,"N/A",0.88
"595.sol","overflow",1,-1,"none","0.4.26",255,"N/A",1.08
"6272.sol","overflow",1,-1,"none","0.4.26",255,"N/A",1.29
"6603.sol","overflow",1,-1,"none","0.4.26",255,"N/A",1.27
"6606.sol","overflow",1,-1,"none","0.4.26",255,"N/A",1.37
"711.sol","overflow",1,-1,"none","0.4.26",255,"N/A",1.23
"7134.sol","overflow",1,-1,"none","0.4.26",255,"N/A",1.49
"7593.sol","overflow",1,-1,"none","0.4.26",255,"N/A",1.5
"8606.sol","overflow",1,-1,"none","0.4.26",255,"N/A",1.09
"9208.sol","overflow",1,-1,"none","0.4.26",255,"N/A",1.22
"9230.sol","overflow",1,-1,"none","0.4.26",255,"N/A",1.2
"948.sol","overflow",1,-1,"none","0.4.26",255,"N/A",1.59
"9850.sol","overflow",1,-1,"none","0.4.26",255,"N/A",1.31
"1015.sol","timestamp",0,0,"none","0.4.26",255,"TN",1.46
"10233.sol","timestamp",0,1,"timestamp","0.4.26",255,"FP",1.09
"10342.sol","timestamp",0,1,"timestamp","0.4.26",255,"FP",0.61
"10547.sol","timestamp",0,1,"timestamp","0.4.26",255,"FP",0.69
"10855.sol","timestamp",0,1,"timestamp","0.4.26",255,"FP",0.45
"11159.sol","timestamp",0,0,"none","0.4.26",255,"TN",0.52
"11323.sol","timestamp",0,1,"timestamp","0.4.26",255,"FP",0.55
"11330.sol","timestamp",0,1,"timestamp","0.4.26",255,"FP",0.64
"11346.sol","timestamp",0,0,"none","0.4.26",255,"TN",0.48
"11798.sol","timestamp",0,0,"none","0.4.26",255,"TN",0.51
"1181.sol","timestamp",0,1,"timestamp","0.4.26",255,"FP",0.44
"11964.sol","timestamp",0,1,"timestamp","0.4.26",255,"FP",0.62
"12044.sol","timestamp",0,1,"timestamp","0.4.26",255,"FP",0.5
"12115.sol","timestamp",0,1,"timestamp","0.4.26",255,"FP",0.51
"124.sol","timestamp",0,1,"timestamp","0.4.26",255,"FP",0.44
"1246.sol","timestamp",0,1,"timestamp","0.4.26",255,"FP",0.58
"12460.sol","timestamp",0,1,"timestamp","0.4.26",255,"FP",0.56
"1256.sol","timestamp",0,0,"none","0.4.26",255,"TN",0.57
"12688.sol","timestamp",0,1,"timestamp","0.4.26",255,"FP",0.61
"12689.sol","timestamp",0,1,"timestamp","0.4.26",255,"FP",0.49
"12715.sol","timestamp",0,1,"timestamp","0.4.26",255,"FP",0.52
"12856.sol","timestamp",0,1,"timestamp","0.4.26",255,"FP",0.62
"13069.sol","timestamp",0,1,"timestamp","0.4.26",255,"FP",0.54
"1313.sol","timestamp",0,1,"timestamp","0.4.26",255,"FP",0.59
"13283.sol","timestamp",0,1,"timestamp","0.4.26",255,"FP",0.72
"134.sol","timestamp",0,0,"none","0.4.26",255,"TN",0.75
"135.sol","timestamp",0,0,"none","0.4.26",255,"TN",0.68
"136.sol","timestamp",0,1,"timestamp","0.4.26",255,"FP",0.54
"13657.sol","timestamp",0,0,"none","0.4.26",255,"TN",0.6
"137.sol","timestamp",0,1,"timestamp","0.4.26",255,"FP",0.6
"14351.sol","timestamp",0,1,"timestamp","0.4.26",255,"FP",0.57
"14381.sol","timestamp",0,0,"none","0.4.26",255,"TN",0.52
"14439.sol","timestamp",0,1,"timestamp","0.4.26",255,"FP",0.59
"14634.sol","timestamp",0,1,"timestamp","0.4.26",255,"FP",0.45
"14997.sol","timestamp",0,0,"none","0.4.26",255,"TN",0.56
"15.sol","timestamp",0,1,"timestamp","0.4.26",255,"FP",0.5
"15566.sol","timestamp",0,1,"timestamp","0.4.26",255,"FP",0.59
"15671.sol","timestamp",0,1,"timestamp","0.4.26",255,"FP",0.61
"15822.sol","timestamp",0,0,"none","0.4.26",255,"TN",0.45
"16018.sol","timestamp",0,1,"timestamp","0.4.26",255,"FP",0.48
"1631.sol","timestamp",0,1,"timestamp","0.4.26",255,"FP",0.43
"16521.sol","timestamp",0,1,"timestamp","0.4.26",255,"FP",0.56
"1667.sol","timestamp",0,1,"timestamp","0.4.26",255,"FP",0.5
"1668.sol","timestamp",0,1,"timestamp","0.4.26",255,"FP",0.46
"16957.sol","timestamp",0,1,"timestamp","0.4.26",255,"FP",0.49
"176.sol","timestamp",0,1,"timestamp","0.4.26",255,"FP",0.5
"177.sol","timestamp",0,1,"timestamp","0.4.26",255,"FP",0.4
"17806.sol","timestamp",0,0,"none","0.4.26",255,"TN",0.41
"17816.sol","timestamp",0,0,"none","0.4.26",255,"TN",0.44
"1824.sol","timestamp",0,1,"timestamp","0.4.26",255,"FP",0.61
"1825.sol","timestamp",0,1,"timestamp","0.4.26",255,"FP",0.41
"1851.sol","timestamp",0,1,"timestamp","0.4.26",255,"FP",0.51
"19294.sol","timestamp",0,0,"none","0.4.26",255,"TN",0.45
"19692.sol","timestamp",0,0,"none","0.4.26",255,"TN",0.54
"20888.sol","timestamp",0,0,"none","0.4.26",255,"TN",0.57
"20930.sol","timestamp",0,1,"timestamp","0.4.26",255,"FP",0.47
"21162.sol","timestamp",0,1,"timestamp","0.4.26",255,"FP",0.48
"22155.sol","timestamp",0,1,"timestamp","0.4.26",255,"FP",0.56
"22256.sol","timestamp",0,1,"timestamp","0.4.26",255,"FP",0.52
"22272.sol","timestamp",0,1,"timestamp","0.4.26",255,"FP",0.49
"22734.sol","timestamp",0,0,"none","0.4.26",255,"TN",0.33
"2397.sol","timestamp",0,0,"none","0.4.26",255,"TN",0.52
"28101.sol","timestamp",0,0,"none","0.4.26",255,"TN",0.63
"29084.sol","timestamp",0,1,"timestamp","0.4.26",255,"FP",0.63
"29409.sol","timestamp",0,1,"timestamp","0.4.26",255,"FP",0.68
"30343.sol","timestamp",0,1,"timestamp","0.4.26",255,"FP",0.74
"30507.sol","timestamp",0,0,"none","0.4.26",255,"TN",0.75
"30813.sol","timestamp",0,1,"timestamp","0.4.26",255,"FP",0.68
"30815.sol","timestamp",0,1,"timestamp","0.4.26",255,"FP",0.63
"30925.sol","timestamp",0,0,"none","0.4.26",255,"TN",0.47
"30939.sol","timestamp",0,0,"none","0.4.26",255,"TN",0.41
"30963.sol","timestamp",0,0,"none","0.4.26",255,"TN",0.37
"30976.sol","timestamp",0,0,"none","0.4.26",255,"TN",0.48
"31551.sol","timestamp",0,1,"timestamp","0.4.26",255,"FP",0.43
"3185.sol","timestamp",0,1,"timestamp","0.4.26",255,"FP",0.45
"31867.sol","timestamp",0,1,"timestamp","0.4.26",255,"FP",0.44
"31892.sol","timestamp",0,1,"timestamp","0.4.26",255,"FP",0.6
"33217.sol","timestamp",0,0,"none","0.4.26",255,"TN",0.45
"33575.sol","timestamp",0,1,"timestamp","0.4.26",255,"FP",0.48
"33638.sol","timestamp",0,0,"none","0.4.26",255,"TN",0.61
"33711.sol","timestamp",0,0,"none","0.4.26",255,"TN",0.53
"33974.sol","timestamp",0,0,"none","0.4.26",255,"TN",0.49
"34068.sol","timestamp",0,1,"timestamp","0.4.26",255,"FP",0.49
"34272.sol","timestamp",0,1,"timestamp","0.4.26",255,"FP",0.51
"34442.sol","timestamp",0,1,"timestamp","0.4.26",255,"FP",0.52
"34575.sol","timestamp",0,1,"timestamp","0.4.26",255,"FP",0.49
"34725.sol","timestamp",0,1,"timestamp","0.4.26",255,"FP",0.58
"35257.sol","timestamp",0,0,"none","0.4.26",255,"TN",0.41
"35268.sol","timestamp",0,1,"timestamp","0.4.26",255,"FP",0.63
"35285.sol","timestamp",0,1,"timestamp","0.4.26",255,"FP",0.38
"35322.sol","timestamp",0,1,"timestamp","0.4.26",255,"FP",0.41
"35358.sol","timestamp",0,1,"timestamp","0.4.26",255,"FP",0.56
"3554.sol","timestamp",0,0,"none","0.4.26",255,"TN",0.52
"3555.sol","timestamp",0,0,"none","0.4.26",255,"TN",0.57
"35551.sol","timestamp",0,1,"timestamp","0.4.26",255,"FP",0.41
"35897.sol","timestamp",0,1,"timestamp","0.4.26",255,"FP",0.54
"36451.sol","timestamp",0,0,"none","0.4.26",255,"TN",0.44
"3654.sol","timestamp",0,1,"timestamp","0.4.26",255,"FP",0.65
"36737.sol","timestamp",0,1,"timestamp","0.4.26",255,"FP",0.81
"36852.sol","timestamp",0,0,"none","0.4.26",255,"TN",0.53
"37017.sol","timestamp",0,1,"timestamp","0.4.26",255,"FP",0.68
"37274.sol","timestamp",0,0,"none","0.4.26",255,"TN",0.57
"37390.sol","timestamp",0,0,"none","0.4.26",255,"TN",0.48
"37514.sol","timestamp",0,1,"timestamp","0.4.26",255,"FP",0.41
"37683.sol","timestamp",0,1,"timestamp","0.4.26",255,"FP",0.55
"37684.sol","timestamp",0,1,"timestamp","0.4.26",255,"FP",0.55
"3772.sol","timestamp",0,1,"timestamp","0.4.26",255,"FP",0.49
"38096.sol","timestamp",0,1,"timestamp","0.4.26",255,"FP",0.4
"38239.sol","timestamp",0,1,"timestamp","0.4.26",255,"FP",0.45
"38421.sol","timestamp",0,0,"none","0.4.26",255,"TN",0.57
"38709.sol","timestamp",0,1,"timestamp","0.4.26",255,"FP",0.52
"38727.sol","timestamp",0,0,"none","0.4.26",255,"TN",0.44
"38888.sol","timestamp",0,1,"timestamp","0.4.26",255,"FP",0.48
"38925.sol","timestamp",0,1,"timestamp","0.4.26",255,"FP",0.63
"38983.sol","timestamp",0,0,"none","0.4.26",255,"TN",0.57
"39091.sol","timestamp",0,1,"timestamp","0.4.26",255,"FP",0.48
"39095.sol","timestamp",0,1,"timestamp","0.4.26",255,"FP",0.52
"39114.sol","timestamp",0,0,"none","0.4.26",255,"TN",0.46
"39425.sol","timestamp",0,1,"timestamp","0.4.26",255,"FP",0.51
"3952.sol","timestamp",0,1,"timestamp","0.4.26",255,"FP",0.42
"39559.sol","timestamp",0,1,"timestamp","0.4.26",255,"FP",0.43
"39583.sol","timestamp",0,0,"none","0.4.26",255,"TN",0.58
"39631.sol","timestamp",0,0,"none","0.4.26",255,"TN",0.53
"39845.sol","timestamp",0,0,"none","0.4.26",255,"TN",0.39
"40154.sol","timestamp",0,1,"timestamp","0.4.26",255,"FP",0.41
"40155.sol","timestamp",0,1,"timestamp","0.4.26",255,"FP",0.62
"40252.sol","timestamp",0,1,"timestamp","0.4.26",255,"FP",0.44
"40419.sol","timestamp",0,1,"timestamp","0.4.26",255,"FP",0.46
"40497.sol","timestamp",0,0,"none","0.4.26",255,"TN",0.37
"40535.sol","timestamp",0,0,"none","0.4.26",255,"TN",0.47
"40539.sol","timestamp",0,1,"timestamp","0.4.26",255,"FP",0.47
"40587.sol","timestamp",0,0,"none","0.4.26",255,"TN",0.46
"40665.sol","timestamp",0,0,"none","0.4.26",255,"TN",0.5
"40735.sol","timestamp",0,0,"none","0.4.26",255,"TN",0.68
"40737.sol","timestamp",0,1,"timestamp","0.4.26",255,"FP",0.53
"40739.sol","timestamp",0,1,"timestamp","0.4.26",255,"FP",0.46
"40740.sol","timestamp",0,1,"timestamp","0.4.26",255,"FP",0.49
"40741.sol","timestamp",0,1,"timestamp","0.4.26",255,"FP",0.53
"40742.sol","timestamp",0,0,"none","0.4.26",255,"TN",0.69
"40743.sol","timestamp",0,1,"timestamp","0.4.26",255,"FP",0.76
"40744.sol","timestamp",0,1,"timestamp","0.4.26",255,"FP",0.53
"40747.sol","timestamp",0,1,"timestamp","0.4.26",255,"FP",0.57
"40756.sol","timestamp",0,1,"timestamp","0.4.26",255,"FP",0.41
"419.sol","timestamp",0,1,"timestamp","0.4.26",255,"FP",0.44
"42.sol","timestamp",0,1,"timestamp","0.4.26",255,"FP",0.45
"4587.sol","timestamp",0,0,"none","0.4.26",255,"TN",0.63
"4588.sol","timestamp",0,0,"none","0.4.26",255,"TN",0.5
"4717.sol","timestamp",0,1,"timestamp","0.4.26",255,"FP",0.57
"4882.sol","timestamp",0,1,"timestamp","0.4.26",255,"FP",0.5
"4922.sol","timestamp",0,0,"none","0.4.26",255,"TN",0.57
"496.sol","timestamp",0,1,"timestamp","0.4.26",255,"FP",0.44
"4993.sol","timestamp",0,1,"timestamp","0.4.26",255,"FP",0.54
"50001.sol","timestamp",0,1,"timestamp","0.4.26",255,"FP",0.49
"50221.sol","timestamp",0,1,"timestamp","0.4.26",255,"FP",0.5
"5132.sol","timestamp",0,1,"timestamp","0.4.26",255,"FP",0.54
"5259.sol","timestamp",0,1,"timestamp","0.4.26",255,"FP",0.47
"578.sol","timestamp",0,1,"timestamp","0.4.26",255,"FP",0.52
"6149.sol","timestamp",0,0,"none","0.4.26",255,"TN",0.47
"6199.sol","timestamp",0,0,"none","0.4.26",255,"TN",0.64
"6272.sol","timestamp",0,0,"none","0.4.26",255,"TN",0.52
"6348.sol","timestamp",0,0,"none","0.4.26",255,"TN",0.48
"650.sol","timestamp",0,1,"timestamp","0.4.26",255,"FP",0.45
"6534.sol","timestamp",0,1,"timestamp","0.4.26",255,"FP",0.49
"711.sol","timestamp",0,0,"none","0.4.26",255,"TN",0.47
"737.sol","timestamp",0,1,"timestamp","0.4.26",255,"FP",0.45
"738.sol","timestamp",0,1,"timestamp","0.4.26",255,"FP",0.57
"740.sol","timestamp",0,1,"timestamp","0.4.26",255,"FP",0.55
"798.sol","timestamp",0,1,"timestamp","0.4.26",255,"FP",0.42
"8025.sol","timestamp",0,1,"timestamp","0.4.26",255,"FP",0.49
"8026.sol","timestamp",0,1,"timestamp","0.4.26",255,"FP",0.42
"8099.sol","timestamp",0,0,"none","0.4.26",255,"TN",0.53
"8141.sol","timestamp",0,0,"none","0.4.26",255,"TN",0.5
"8826.sol","timestamp",0,1,"timestamp","0.4.26",255,"FP",0.49
"9428.sol","timestamp",0,1,"timestamp","0.4.26",255,"FP",0.55
"9560.sol","timestamp",0,1,"timestamp","0.4.26",255,"FP",0.56
"9820.sol","timestamp",0,0,"none","0.4.26",255,"TN",0.44
"1014.sol","timestamp",1,0,"none","0.4.26",255,"FN",0.51
"10146.sol","timestamp",1,1,"timestamp","0.4.26",255,"TP",0.42
"10295.sol","timestamp",1,0,"none","0.4.26",255,"FN",0.58
"10369.sol","timestamp",1,1,"timestamp","0.4.26",255,"TP",0.6
"1057.sol","timestamp",1,1,"timestamp","0.4.26",255,"TP",0.41
"10736.sol","timestamp",1,1,"timestamp","0.4.26",255,"TP",0.47
"11064.sol","timestamp",1,1,"timestamp","0.4.26",255,"TP",0.4
"1115.sol","timestamp",1,0,"none","0.4.26",255,"FN",0.56
"11243.sol","timestamp",1,0,"none","0.4.26",255,"FN",0.47
"11457.sol","timestamp",1,1,"timestamp","0.4.26",255,"TP",0.47
"1182.sol","timestamp",1,1,"timestamp","0.4.26",255,"TP",0.43
"1183.sol","timestamp",1,0,"none","0.4.26",255,"FN",0.5
"11931.sol","timestamp",1,0,"none","0.4.26",255,"FN",0.54
"1226.sol","timestamp",1,1,"timestamp","0.4.26",255,"TP",0.41
"12292.sol","timestamp",1,1,"timestamp","0.4.26",255,"TP",0.44
"12321.sol","timestamp",1,0,"none","0.4.26",255,"FN",0.56
"12393.sol","timestamp",1,0,"none","0.4.26",255,"FN",0.46
"12465.sol","timestamp",1,1,"timestamp","0.4.26",255,"TP",0.42
"12466.sol","timestamp",1,1,"timestamp","0.4.26",255,"TP",0.47
"1284.sol","timestamp",1,0,"none","0.4.26",255,"FN",0.43
"12841.sol","timestamp",1,1,"timestamp","0.4.26",255,"TP",0.49
"1288.sol","timestamp",1,1,"timestamp","0.4.26",255,"TP",0.5
"12894.sol","timestamp",1,0,"none","0.4.26",255,"FN",0.45
"12898.sol","timestamp",1,1,"timestamp","0.4.26",255,"TP",0.59
"12919.sol","timestamp",1,0,"none","0.4.26",255,"FN",0.55
"12998.sol","timestamp",1,0,"none","0.4.26",255,"FN",0.47
"1318.sol","timestamp",1,0,"none","0.4.26",255,"FN",0.43
"1319.sol","timestamp",1,0,"none","0.4.26",255,"FN",0.59
"13293.sol","timestamp",1,1,"timestamp","0.4.26",255,"TP",0.52
"13371.sol","timestamp",1,0,"none","0.4.26",255,"FN",0.51
"13413.sol","timestamp",1,0,"none","0.4.26",255,"FN",0.41
"13723.sol","timestamp",1,1,"timestamp","0.4.26",255,"TP",0.55
"13780.sol","timestamp",1,0,"none","0.4.26",255,"FN",0.56
"13993.sol","timestamp",1,1,"timestamp","0.4.26",255,"TP",0.58
"1404.sol","timestamp",1,1,"timestamp","0.4.26",255,"TP",0.52
"1445.sol","timestamp",1,1,"timestamp","0.4.26",255,"TP",0.5
"14711.sol","timestamp",1,0,"none","0.4.26",255,"FN",0.53
"14872.sol","timestamp",1,1,"timestamp","0.4.26",255,"TP",0.45
"14928.sol","timestamp",1,1,"timestamp","0.4.26",255,"TP",0.5
"15038.sol","timestamp",1,1,"timestamp","0.4.26",255,"TP",0.58
"1532.sol","timestamp",1,0,"none","0.4.26",255,"FN",0.46
"1533.sol","timestamp",1,0,"none","0.4.26",255,"FN",0.44
"15641.sol","timestamp",1,1,"timestamp","0.4.26",255,"TP",0.46
"15930.sol","timestamp",1,1,"timestamp","0.4.26",255,"TP",0.55
"16407.sol","timestamp",1,1,"timestamp","0.4.26",255,"TP",0.65
"169.sol","timestamp",1,1,"timestamp","0.4.26",255,"TP",0.5
"16979.sol","timestamp",1,1,"timestamp","0.4.26",255,"TP",0.46
"170.sol","timestamp",1,1,"timestamp","0.4.26",255,"TP",0.43
"17401.sol","timestamp",1,0,"none","0.4.26",255,"FN",0.62
"1813.sol","timestamp",1,0,"none","0.4.26",255,"FN",0.4
"18975.sol","timestamp",1,0,"none","0.4.26",255,"FN",0.49
"19182.sol","timestamp",1,0,"none","0.4.26",255,"FN",0.51
"1954.sol","timestamp",1,1,"timestamp","0.4.26",255,"TP",0.57
"19714.sol","timestamp",1,1,"timestamp","0.4.26",255,"TP",0.45
"20057.sol","timestamp",1,1,"timestamp","0.4.26",255,"TP",0.45
"20259.sol","timestamp",1,1,"timestamp","0.4.26",255,"TP",0.54
"2051.sol","timestamp",1,0,"none","0.4.26",255,"FN",0.63
"211.sol","timestamp",1,1,"timestamp","0.4.26",255,"TP",0.5
"212.sol","timestamp",1,1,"timestamp","0.4.26",255,"TP",0.55
"21393.sol","timestamp",1,1,"timestamp","0.4.26",255,"TP",0.6
"21404.sol","timestamp",1,1,"timestamp","0.4.26",255,"TP",0.58
"21890.sol","timestamp",1,0,"none","0.4.26",255,"FN",0.46
"2252.sol","timestamp",1,0,"none","0.4.26",255,"FN",0.48
"2253.sol","timestamp",1,0,"none","0.4.26",255,"FN",0.51
"2379.sol","timestamp",1,1,"timestamp","0.4.26",255,"TP",0.5
"2399.sol","timestamp",1,1,"timestamp","0.4.26",255,"TP",0.45
"2563.sol","timestamp",1,0,"none","0.4.26",255,"FN",0.42
"2688.sol","timestamp",1,1,"timestamp","0.4.26",255,"TP",0.52
"27455.sol","timestamp",1,0,"none","0.4.26",255,"FN",0.45
"2777.sol","timestamp",1,1,"timestamp","0.4.26",255,"TP",0.43
"28359.sol","timestamp",1,1,"timestamp","0.4.26",255,"TP",0.56
"28383.sol","timestamp",1,0,"none","0.4.26",255,"FN",0.45
"29131.sol","timestamp",1,1,"timestamp","0.4.26",255,"TP",0.56
"30060.sol","timestamp",1,1,"timestamp","0.4.26",255,"TP",0.43
"30396.sol","timestamp",1,1,"timestamp","0.4.26",255,"TP",0.46
"30772.sol","timestamp",1,0,"none","0.4.26",255,"FN",0.39
"31758.sol","timestamp",1,1,"timestamp","0.4.26",255,"TP",0.54
"318.sol","timestamp",1,1,"timestamp","0.4.26",255,"TP",0.61
"31812.sol","timestamp",1,0,"none","0.4.26",255,"FN",0.52
"31999.sol","timestamp",1,1,"timestamp","0.4.26",255,"TP",0.52
"32007.sol","timestamp",1,0,"none","0.4.26",255,"FN",0.54
"32175.sol","timestamp",1,1,"timestamp","0.4.26",255,"TP",0.59
"339.sol","timestamp",1,1,"timestamp","0.4.26",255,"TP",0.52
"3434.sol","timestamp",1,1,"timestamp","0.4.26",255,"TP",0.54
"347.sol","timestamp",1,0,"none","0.4.26",255,"FN",0.53
"34995.sol","timestamp",1,1,"timestamp","0.4.26",255,"TP",0.73
"3543.sol","timestamp",1,1,"timestamp","0.4.26",255,"TP",0.52
"36661.sol","timestamp",1,1,"timestamp","0.4.26",255,"TP",0.51
"3702.sol","timestamp",1,0,"none","0.4.26",255,"FN",0.65
"37155.sol","timestamp",1,1,"timestamp","0.4.26",255,"TP",0.47
"37221.sol","timestamp",1,0,"none","0.4.26",255,"FN",0.49
"3729.sol","timestamp",1,0,"none","0.4.26",255,"FN",0.42
"37559.sol","timestamp",1,1,"timestamp","0.4.26",255,"TP",0.59
"37672.sol","timestamp",1,1,"timestamp","0.4.26",255,"TP",0.5
"37679.sol","timestamp",1,1,"timestamp","0.4.26",255,"TP",0.47
"37919.sol","timestamp",1,1,"timestamp","0.4.26",255,"TP",0.54
"37920.sol","timestamp",1,1,"timestamp","0.4.26",255,"TP",0.54
"38392.sol","timestamp",1,0,"none","0.4.26",255,"FN",0.62
"38684.sol","timestamp",1,0,"none","0.4.26",255,"FN",0.44
"38947.sol","timestamp",1,0,"none","0.4.26",255,"FN",0.53
"39715.sol","timestamp",1,1,"timestamp","0.4.26",255,"TP",0.54
"400.sol","timestamp",1,1,"timestamp","0.4.26",255,"TP",0.5
"40005.sol","timestamp",1,0,"none","0.4.26",255,"FN",0.47
"40059.sol","timestamp",1,0,"none","0.4.26",255,"FN",0.49
"40239.sol","timestamp",1,0,"none","0.4.26",255,"FN",0.52
"40451.sol","timestamp",1,1,"timestamp","0.4.26",255,"TP",0.76
"40611.sol","timestamp",1,1,"timestamp","0.4.26",255,"TP",0.4
"40726.sol","timestamp",1,1,"timestamp","0.4.26",255,"TP",0.48
"40727.sol","timestamp",1,1,"timestamp","0.4.26",255,"TP",0.71
"40733.sol","timestamp",1,0,"none","0.4.26",255,"FN",0.63
"40736.sol","timestamp",1,1,"timestamp","0.4.26",255,"TP",0.38
"40738.sol","timestamp",1,1,"timestamp","0.4.26",255,"TP",0.46
"40745.sol","timestamp",1,1,"timestamp","0.4.26",255,"TP",0.45
"40746.sol","timestamp",1,1,"timestamp","0.4.26",255,"TP",0.59
"40748.sol","timestamp",1,0,"none","0.4.26",255,"FN",0.58
"40750.sol","timestamp",1,0,"none","0.4.26",255,"FN",0.45
"40751.sol","timestamp",1,1,"timestamp","0.4.26",255,"TP",0.46
"40753.sol","timestamp",1,0,"none","0.4.26",255,"FN",0.65
"40754.sol","timestamp",1,1,"timestamp","0.4.26",255,"TP",0.53
"40755.sol","timestamp",1,1,"timestamp","0.4.26",255,"TP",0.52
"40757.sol","timestamp",1,0,"none","0.4.26",255,"FN",0.47
"4225.sol","timestamp",1,0,"none","0.4.26",255,"FN",0.47
"44.sol","timestamp",1,1,"timestamp","0.4.26",255,"TP",0.52
"4467.sol","timestamp",1,1,"timestamp","0.4.26",255,"TP",0.53
"4474.sol","timestamp",1,1,"timestamp","0.4.26",255,"TP",0.49
"4523.sol","timestamp",1,1,"timestamp","0.4.26",255,"TP",0.57
"4524.sol","timestamp",1,1,"timestamp","0.4.26",255,"TP",0.61
"4590.sol","timestamp",1,1,"timestamp","0.4.26",255,"TP",0.51
"4926.sol","timestamp",1,1,"timestamp","0.4.26",255,"TP",0.52
"49728.sol","timestamp",1,1,"timestamp","0.4.26",255,"TP",0.61
"50062.sol","timestamp",1,1,"timestamp","0.4.26",255,"TP",0.66
"50063.sol","timestamp",1,1,"timestamp","0.4.26",255,"TP",0.52
"50215.sol","timestamp",1,1,"timestamp","0.4.26",255,"TP",0.52
"50216.sol","timestamp",1,1,"timestamp","0.4.26",255,"TP",0.55
"50217.sol","timestamp",1,1,"timestamp","0.4.26",255,"TP",0.5
"50219.sol","timestamp",1,0,"none","0.4.26",255,"FN",0.4
"50222.sol","timestamp",1,1,"timestamp","0.4.26",255,"TP",0.46
"5142.sol","timestamp",1,1,"timestamp","0.4.26",255,"TP",0.57
"5143.sol","timestamp",1,1,"timestamp","0.4.26",255,"TP",0.6
"5164.sol","timestamp",1,1,"timestamp","0.4.26",255,"TP",0.46
"5339.sol","timestamp",1,1,"timestamp","0.4.26",255,"TP",0.45
"538.sol","timestamp",1,1,"timestamp","0.4.26",255,"TP",0.53
"5934.sol","timestamp",1,1,"timestamp","0.4.26",255,"TP",0.62
"595.sol","timestamp",1,1,"timestamp","0.4.26",255,"TP",0.54
"5975.sol","timestamp",1,0,"none","0.4.26",255,"FN",0.4
"6220.sol","timestamp",1,1,"timestamp","0.4.26",255,"TP",0.56
"625.sol","timestamp",1,1,"timestamp","0.4.26",255,"TP",0.57
"626.sol","timestamp",1,1,"timestamp","0.4.26",255,"TP",0.56
"6369.sol","timestamp",1,1,"timestamp","0.4.26",255,"TP",0.48
"649.sol","timestamp",1,1,"timestamp","0.4.26",255,"TP",0.52
"6578.sol","timestamp",1,1,"timestamp","0.4.26",255,"TP",0.64
"666.sol","timestamp",1,0,"none","0.4.26",255,"FN",0.49
"6929.sol","timestamp",1,1,"timestamp","0.4.26",255,"TP",0.58
"7134.sol","timestamp",1,1,"timestamp","0.4.26",255,"TP",0.44
"7330.sol","timestamp",1,1,"timestamp","0.4.26",255,"TP",0.51
"739.sol","timestamp",1,1,"timestamp","0.4.26",255,"TP",0.48
"7419.sol","timestamp",1,0,"none","0.4.26",255,"FN",0.55
"7570.sol","timestamp",1,1,"timestamp","0.4.26",255,"TP",0.39
"7593.sol","timestamp",1,1,"timestamp","0.4.26",255,"TP",0.49
"797.sol","timestamp",1,1,"timestamp","0.4.26",255,"TP",0.58
"8342.sol","timestamp",1,0,"none","0.4.26",255,"FN",0.47
"84.sol","timestamp",1,1,"timestamp","0.4.26",255,"TP",0.59
"8606.sol","timestamp",1,0,"none","0.4.26",255,"FN",0.52
"883.sol","timestamp",1,0,"none","0.4.26",255,"FN",0.39
"911.sol","timestamp",1,0,"none","0.4.26",255,"FN",0.38
"9208.sol","timestamp",1,1,"timestamp","0.4.26",255,"TP",0.53
"9230.sol","timestamp",1,0,"none","0.4.26",255,"FN",0.5
"9377.sol","timestamp",1,1,"timestamp","0.4.26",255,"TP",0.52
"9379.sol","timestamp",1,1,"timestamp","0.4.26",255,"TP",0.54
"948.sol","timestamp",1,0,"none","0.4.26",255,"FN",0.5
"9654.sol","timestamp",1,0,"none","0.4.26",255,"FN",0.69
"9850.sol","timestamp",1,0,"none","0.4.26",255,"FN",0.45
"9918.sol","timestamp",1,0,"none","0.4.26",255,"FN",0.47
